id_viaje,id_tipo_costo,monto_costo
5001,C01,2258.18
5001,C02,5212.12
5001,C03,4060.49
5001,C04,1981.85
5001,C05,1926.52
5001,C06,3462.6
5002,C01,7300.27
5002,C02,5656.84
5002,C03,4259.02
5002,C04,7328.36
5002,C05,5399.7
5002,C06,5517.04
5003,C01,3360.09
5003,C02,8983.94
5003,C03,8333.78
5003,C04,4439.13
5003,C05,5971.67
5003,C06,8689.02
5004,C01,2793.87
5004,C02,8262.34
5004,C03,7696.72
5004,C04,3599.63
5004,C05,4702.31
5004,C06,7348.41
5005,C01,2609.73
5005,C02,4312.41
5005,C03,2592.7
5005,C04,5169.86
5005,C05,3572.9
5005,C06,3954.22
5006,C01,2078.7
5006,C02,1279.96
5006,C03,2056.72
5006,C04,3083.9
5006,C05,3600.15
5006,C06,2514.87
5007,C01,2226.8
5007,C02,7693.0
5007,C03,4422.55
5007,C04,4541.98
5007,C05,2207.84
5007,C06,4606.48
5008,C01,872.99
5008,C02,1020.93
5008,C03,655.76
5008,C04,1314.3
5008,C05,729.59
5008,C06,1063.42
5009,C01,2752.19
5009,C02,3530.26
5009,C03,3822.86
5009,C04,2264.19
5009,C05,1401.69
5009,C06,2968.2
5010,C01,2637.54
5010,C02,1960.79
5010,C03,645.23
5010,C04,2162.23
5010,C05,1791.8
5010,C06,2510.71
5011,C01,3746.91
5011,C02,4797.09
5011,C03,2018.39
5011,C04,4143.75
5011,C05,4730.76
5011,C06,2852.61
5012,C01,4025.73
5012,C02,4502.83
5012,C03,3489.04
5012,C04,1344.15
5012,C05,4286.74
5012,C06,1593.66
5013,C01,6570.52
5013,C02,1732.87
5013,C03,4467.94
5013,C04,5548.24
5013,C05,5416.18
5013,C06,5067.12
5014,C01,5262.97
5014,C02,4622.69
5014,C03,2731.8
5014,C04,8573.86
5014,C05,5094.19
5014,C06,7629.94
5015,C01,3674.27
5015,C02,3112.56
5015,C03,4844.5
5015,C04,3785.04
5015,C05,2692.27
5015,C06,6987.35
5016,C01,1557.39
5016,C02,3693.48
5016,C03,5945.42
5016,C04,2883.2
5016,C05,3757.29
5016,C06,5725.17
5017,C01,466.51
5017,C02,622.46
5017,C03,733.57
5017,C04,1914.15
5017,C05,2039.53
5017,C06,1595.29
5018,C01,2133.6
5018,C02,6619.46
5018,C03,4273.94
5018,C04,1540.51
5018,C05,5302.96
5018,C06,3119.22
5019,C01,7419.13
5019,C02,2127.26
5019,C03,8292.31
5019,C04,5077.43
5019,C05,3956.31
5019,C06,3635.07
5020,C01,2846.83
5020,C02,4077.05
5020,C03,3276.48
5020,C04,1294.48
5020,C05,4550.97
5020,C06,2122.6
5021,C01,620.22
5021,C02,2134.31
5021,C03,2449.79
5021,C04,590.21
5021,C05,1244.22
5021,C06,2539.61
5022,C01,7255.67
5022,C02,7832.39
5022,C03,8242.27
5022,C04,7916.71
5022,C05,4177.77
5022,C06,5203.78
5023,C01,4506.92
5023,C02,2904.15
5023,C03,3141.18
5023,C04,5083.51
5023,C05,6566.04
5023,C06,2075.59
5024,C01,3197.62
5024,C02,1606.54
5024,C03,2390.66
5024,C04,846.89
5024,C05,2117.91
5024,C06,2261.24
5025,C01,1124.46
5025,C02,974.35
5025,C03,1732.64
5025,C04,1440.21
5025,C05,607.77
5025,C06,1127.17
5026,C01,4796.71
5026,C02,4733.35
5026,C03,6775.3
5026,C04,4385.98
5026,C05,9759.23
5026,C06,5553.31
5027,C01,7604.27
5027,C02,6358.15
5027,C03,4338.95
5027,C04,5695.17
5027,C05,8558.75
5027,C06,8049.7
5028,C01,8464.4
5028,C02,6060.24
5028,C03,11344.0
5028,C04,8291.5
5028,C05,10872.94
5028,C06,11411.47
5029,C01,2365.23
5029,C02,3934.05
5029,C03,6364.39
5029,C04,6012.79
5029,C05,4310.7
5029,C06,3745.93
5030,C01,2553.23
5030,C02,1791.36
5030,C03,1924.08
5030,C04,822.06
5030,C05,1331.01
5030,C06,2386.41
5031,C01,3149.03
5031,C02,2101.45
5031,C03,6680.04
5031,C04,3805.68
5031,C05,8986.48
5031,C06,8076.03
5032,C01,3210.94
5032,C02,3185.65
5032,C03,1141.17
5032,C04,1675.51
5032,C05,4661.9
5032,C06,978.99
5033,C01,2029.06
5033,C02,5921.46
5033,C03,5540.5
5033,C04,6878.36
5033,C05,9321.27
5033,C06,2305.87
5034,C01,10101.23
5034,C02,2883.22
5034,C03,3390.29
5034,C04,4457.3
5034,C05,4681.8
5034,C06,8535.77
5035,C01,1166.63
5035,C02,3101.17
5035,C03,3842.29
5035,C04,1836.47
5035,C05,3585.05
5035,C06,1285.94
5036,C01,3365.16
5036,C02,2117.48
5036,C03,3803.24
5036,C04,6198.78
5036,C05,1757.53
5036,C06,3930.51
5037,C01,937.8
5037,C02,1623.54
5037,C03,990.51
5037,C04,851.02
5037,C05,1946.47
5037,C06,1784.33
5038,C01,2737.59
5038,C02,2809.57
5038,C03,4246.3
5038,C04,5032.73
5038,C05,6744.67
5038,C06,5408.02
5039,C01,798.77
5039,C02,748.38
5039,C03,1092.53
5039,C04,1284.93
5039,C05,552.13
5039,C06,950.01
5040,C01,437.5
5040,C02,364.28
5040,C03,534.38
5040,C04,1765.25
5040,C05,597.45
5040,C06,1619.28
5041,C01,2876.68
5041,C02,4792.99
5041,C03,2283.38
5041,C04,1119.26
5041,C05,3234.96
5041,C06,2474.47
5042,C01,1229.39
5042,C02,2557.17
5042,C03,5979.02
5042,C04,5714.54
5042,C05,1319.01
5042,C06,3053.84
5043,C01,1854.95
5043,C02,8369.78
5043,C03,4007.07
5043,C04,5971.35
5043,C05,3756.34
5043,C06,5711.46
5044,C01,5007.72
5044,C02,3251.2
5044,C03,1737.82
5044,C04,1786.6
5044,C05,2090.64
5044,C06,1645.67
5045,C01,2193.36
5045,C02,6498.88
5045,C03,3020.02
5045,C04,8038.01
5045,C05,3859.8
5045,C06,7457.58
5046,C01,1908.74
5046,C02,4819.14
5046,C03,3202.76
5046,C04,4671.17
5046,C05,3872.84
5046,C06,4255.47
5047,C01,884.06
5047,C02,2173.09
5047,C03,1710.26
5047,C04,1897.6
5047,C05,2040.44
5047,C06,1499.68
5048,C01,6644.7
5048,C02,4404.04
5048,C03,2069.64
5048,C04,3713.21
5048,C05,4010.97
5048,C06,3474.72
5049,C01,7322.46
5049,C02,3626.25
5049,C03,7086.26
5049,C04,8121.09
5049,C05,4912.87
5049,C06,4642.79
5050,C01,8763.29
5050,C02,4308.81
5050,C03,8677.76
5050,C04,2726.37
5050,C05,2972.39
5050,C06,9027.49
5051,C01,5359.6
5051,C02,3674.29
5051,C03,5188.92
5051,C04,8071.6
5051,C05,8096.94
5051,C06,9250.3
5052,C01,4080.04
5052,C02,3295.83
5052,C03,1686.31
5052,C04,2052.56
5052,C05,2732.65
5052,C06,1917.67
5053,C01,5424.59
5053,C02,7239.4
5053,C03,4068.17
5053,C04,4887.17
5053,C05,8747.13
5053,C06,8393.43
5054,C01,5864.05
5054,C02,6821.41
5054,C03,7506.88
5054,C04,4009.56
5054,C05,3135.81
5054,C06,5485.3
5055,C01,688.31
5055,C02,650.95
5055,C03,906.89
5055,C04,1034.4
5055,C05,1008.57
5055,C06,367.26
5056,C01,1020.7
5056,C02,575.06
5056,C03,1307.28
5056,C04,994.03
5056,C05,755.45
5056,C06,776.22
5057,C01,4631.77
5057,C02,1598.32
5057,C03,2995.06
5057,C04,1769.23
5057,C05,2557.36
5057,C06,2422.8
5058,C01,10926.12
5058,C02,6967.47
5058,C03,8867.77
5058,C04,8682.18
5058,C05,6030.63
5058,C06,5024.24
5059,C01,1504.54
5059,C02,4111.88
5059,C03,4253.15
5059,C04,3306.44
5059,C05,5519.95
5059,C06,5066.58
5060,C01,1615.53
5060,C02,7693.33
5060,C03,1935.06
5060,C04,7384.53
5060,C05,2335.53
5060,C06,7112.22
5061,C01,2481.07
5061,C02,2951.41
5061,C03,5037.51
5061,C04,1896.15
5061,C05,4588.74
5061,C06,1521.98
5062,C01,7494.14
5062,C02,4426.96
5062,C03,7557.51
5062,C04,7333.97
5062,C05,6426.4
5062,C06,8633.02
5063,C01,1598.81
5063,C02,1387.83
5063,C03,1697.41
5063,C04,593.7
5063,C05,958.55
5063,C06,2050.86
5064,C01,2823.9
5064,C02,8828.79
5064,C03,6296.27
5064,C04,3878.95
5064,C05,4190.23
5064,C06,1935.52
5065,C01,1923.73
5065,C02,1318.76
5065,C03,1183.74
5065,C04,1671.74
5065,C05,1967.29
5065,C06,1469.24
5066,C01,2314.16
5066,C02,4956.33
5066,C03,9084.28
5066,C04,4493.22
5066,C05,4661.77
5066,C06,10465.35
5067,C01,9385.52
5067,C02,3111.75
5067,C03,6916.87
5067,C04,7527.4
5067,C05,5254.34
5067,C06,3928.28
5068,C01,609.59
5068,C02,1014.81
5068,C03,473.36
5068,C04,985.24
5068,C05,248.24
5068,C06,398.69
5069,C01,3709.33
5069,C02,5667.56
5069,C03,7198.97
5069,C04,7243.77
5069,C05,6802.32
5069,C06,4655.31
5070,C01,3817.47
5070,C02,5398.21
5070,C03,4730.9
5070,C04,1276.78
5070,C05,5193.55
5070,C06,4590.38
5071,C01,2877.0
5071,C02,3031.43
5071,C03,1979.99
5071,C04,4515.88
5071,C05,1114.76
5071,C06,3817.96
5072,C01,2472.4
5072,C02,2070.69
5072,C03,1787.14
5072,C04,1480.84
5072,C05,2863.24
5072,C06,1777.35
5073,C01,8400.51
5073,C02,8068.66
5073,C03,2373.61
5073,C04,3664.97
5073,C05,2357.32
5073,C06,5293.29
5074,C01,6915.65
5074,C02,8094.77
5074,C03,2662.59
5074,C04,3323.5
5074,C05,7345.86
5074,C06,5849.48
5075,C01,1996.72
5075,C02,539.17
5075,C03,964.02
5075,C04,879.46
5075,C05,483.58
5075,C06,737.92
5076,C01,6030.69
5076,C02,4669.63
5076,C03,3844.52
5076,C04,3174.13
5076,C05,3205.17
5076,C06,5118.25
5077,C01,2474.74
5077,C02,2213.34
5077,C03,4066.02
5077,C04,1595.74
5077,C05,4349.93
5077,C06,1139.24
5078,C01,2262.49
5078,C02,3734.35
5078,C03,1264.48
5078,C04,3283.75
5078,C05,2694.67
5078,C06,1785.4
5079,C01,1825.59
5079,C02,4679.99
5079,C03,1998.83
5079,C04,5774.18
5079,C05,2605.51
5079,C06,5152.68
5080,C01,2323.78
5080,C02,1034.64
5080,C03,1039.84
5080,C04,2579.1
5080,C05,1828.67
5080,C06,2238.06
5081,C01,1023.24
5081,C02,849.5
5081,C03,1025.81
5081,C04,2011.3
5081,C05,1578.46
5081,C06,806.98
5082,C01,935.2
5082,C02,1677.9
5082,C03,1311.62
5082,C04,1899.39
5082,C05,1204.83
5082,C06,1378.81
5083,C01,6632.63
5083,C02,4259.74
5083,C03,1939.32
5083,C04,3149.66
5083,C05,4791.45
5083,C06,2116.42
5084,C01,3023.87
5084,C02,1335.27
5084,C03,2921.21
5084,C04,1772.95
5084,C05,2750.57
5084,C06,2130.05
5085,C01,1029.72
5085,C02,1010.1
5085,C03,1022.98
5085,C04,1453.44
5085,C05,725.79
5085,C06,655.48
5086,C01,2288.08
5086,C02,1701.1
5086,C03,2680.8
5086,C04,1330.54
5086,C05,1124.61
5086,C06,1125.74
5087,C01,8966.69
5087,C02,7309.54
5087,C03,5746.11
5087,C04,6094.75
5087,C05,8785.66
5087,C06,6331.94
5088,C01,5792.66
5088,C02,3623.07
5088,C03,2919.41
5088,C04,2370.55
5088,C05,3213.82
5088,C06,7398.73
5089,C01,4398.67
5089,C02,3214.7
5089,C03,4972.1
5089,C04,5927.02
5089,C05,7138.65
5089,C06,5973.55
5090,C01,1626.1
5090,C02,1856.68
5090,C03,1988.62
5090,C04,904.27
5090,C05,851.67
5090,C06,3289.02
5091,C01,2601.55
5091,C02,2658.29
5091,C03,1432.5
5091,C04,2973.92
5091,C05,2179.66
5091,C06,2528.3
5092,C01,2438.45
5092,C02,2008.46
5092,C03,3361.02
5092,C04,2570.71
5092,C05,1977.07
5092,C06,1637.96
5093,C01,5785.62
5093,C02,9731.55
5093,C03,4323.02
5093,C04,3468.85
5093,C05,10251.95
5093,C06,4716.48
5094,C01,944.23
5094,C02,1821.62
5094,C03,1341.71
5094,C04,1075.06
5094,C05,802.45
5094,C06,1650.9
5095,C01,888.78
5095,C02,1027.17
5095,C03,487.16
5095,C04,546.14
5095,C05,649.27
5095,C06,368.9
5096,C01,9380.63
5096,C02,4576.06
5096,C03,1950.84
5096,C04,5955.76
5096,C05,6873.39
5096,C06,7067.62
5097,C01,3130.97
5097,C02,6381.48
5097,C03,11288.12
5097,C04,5965.49
5097,C05,9814.57
5097,C06,6747.24
5098,C01,6288.33
5098,C02,6680.08
5098,C03,3540.54
5098,C04,9053.0
5098,C05,3834.25
5098,C06,8115.86
5099,C01,1266.26
5099,C02,1346.65
5099,C03,292.41
5099,C04,996.99
5099,C05,424.1
5099,C06,1129.86
5100,C01,736.53
5100,C02,2062.8
5100,C03,1741.13
5100,C04,558.34
5100,C05,2001.44
5100,C06,2063.89
5101,C01,1880.76
5101,C02,882.5
5101,C03,1399.04
5101,C04,933.67
5101,C05,995.43
5101,C06,1199.11
5102,C01,5665.27
5102,C02,5436.12
5102,C03,5542.76
5102,C04,1968.54
5102,C05,6964.21
5102,C06,2342.6
5103,C01,2885.22
5103,C02,4916.31
5103,C03,1820.81
5103,C04,3106.73
5103,C05,7028.8
5103,C06,6428.25
5104,C01,4724.54
5104,C02,6227.64
5104,C03,6196.67
5104,C04,2159.5
5104,C05,2984.99
5104,C06,5678.88
5105,C01,4242.6
5105,C02,1656.23
5105,C03,2506.67
5105,C04,2008.93
5105,C05,1343.77
5105,C06,2141.57
5106,C01,1747.95
5106,C02,1897.88
5106,C03,2679.6
5106,C04,1980.4
5106,C05,1914.25
5106,C06,715.22
5107,C01,2587.61
5107,C02,7134.35
5107,C03,3526.39
5107,C04,6908.62
5107,C05,2459.53
5107,C06,2035.37
5108,C01,5501.38
5108,C02,5776.08
5108,C03,10013.57
5108,C04,10380.75
5108,C05,10749.64
5108,C06,9617.32
5109,C01,10526.06
5109,C02,7766.05
5109,C03,9478.91
5109,C04,7640.31
5109,C05,4173.64
5109,C06,9235.9
5110,C01,2569.2
5110,C02,2168.28
5110,C03,2312.63
5110,C04,5232.35
5110,C05,2963.72
5110,C06,4365.2
5111,C01,2315.65
5111,C02,4365.3
5111,C03,1539.5
5111,C04,3349.07
5111,C05,2303.35
5111,C06,2593.04
5112,C01,7825.17
5112,C02,7438.85
5112,C03,9193.26
5112,C04,6148.99
5112,C05,4958.06
5112,C06,9736.01
5113,C01,2475.72
5113,C02,4299.7
5113,C03,4905.44
5113,C04,4463.97
5113,C05,2932.86
5113,C06,4830.52
5114,C01,3276.08
5114,C02,4126.14
5114,C03,4960.54
5114,C04,4567.26
5114,C05,5139.33
5114,C06,5427.37
5115,C01,414.39
5115,C02,1422.96
5115,C03,1217.7
5115,C04,1156.42
5115,C05,670.26
5115,C06,1117.6
5116,C01,4431.08
5116,C02,5571.04
5116,C03,7273.5
5116,C04,6289.16
5116,C05,7711.46
5116,C06,7395.77
5117,C01,8956.4
5117,C02,8704.77
5117,C03,6514.11
5117,C04,2417.86
5117,C05,5544.84
5117,C06,2279.15
5118,C01,7454.53
5118,C02,8904.28
5118,C03,4037.07
5118,C04,8885.74
5118,C05,3455.79
5118,C06,2942.59
5119,C01,5180.66
5119,C02,2326.07
5119,C03,2367.69
5119,C04,5046.18
5119,C05,2246.59
5119,C06,4195.96
5120,C01,540.91
5120,C02,1969.3
5120,C03,985.27
5120,C04,1135.34
5120,C05,959.08
5120,C06,2324.91
5121,C01,7499.4
5121,C02,5376.08
5121,C03,7451.49
5121,C04,4636.37
5121,C05,3457.62
5121,C06,4851.63
5122,C01,2770.98
5122,C02,1229.37
5122,C03,2093.99
5122,C04,2690.21
5122,C05,892.49
5122,C06,1474.4
5123,C01,2082.14
5123,C02,5272.65
5123,C03,3772.61
5123,C04,2920.48
5123,C05,6748.33
5123,C06,5768.69
5124,C01,7496.76
5124,C02,7230.55
5124,C03,10048.16
5124,C04,4497.76
5124,C05,7415.87
5124,C06,6613.31
5125,C01,2461.77
5125,C02,6767.1
5125,C03,7216.22
5125,C04,2994.19
5125,C05,4656.88
5125,C06,3991.74
5126,C01,4705.65
5126,C02,2536.56
5126,C03,2618.58
5126,C04,5088.5
5126,C05,2394.36
5126,C06,4291.5
5127,C01,3709.71
5127,C02,2155.59
5127,C03,3604.29
5127,C04,3236.65
5127,C05,2747.88
5127,C06,3381.16
5128,C01,4276.54
5128,C02,5166.99
5128,C03,3916.37
5128,C04,9093.34
5128,C05,6661.03
5128,C06,2400.37
5129,C01,2634.91
5129,C02,2529.36
5129,C03,5737.46
5129,C04,4479.35
5129,C05,5663.94
5129,C06,4795.91
5130,C01,3777.5
5130,C02,2003.76
5130,C03,2480.95
5130,C04,3581.54
5130,C05,2389.84
5130,C06,3469.19
5131,C01,4312.15
5131,C02,2723.03
5131,C03,2242.31
5131,C04,5423.77
5131,C05,4223.37
5131,C06,4538.21
5132,C01,2828.97
5132,C02,5440.93
5132,C03,2667.38
5132,C04,4429.77
5132,C05,3943.86
5132,C06,2550.84
5133,C01,3089.6
5133,C02,678.59
5133,C03,1924.98
5133,C04,2508.71
5133,C05,2613.94
5133,C06,1071.05
5134,C01,951.41
5134,C02,418.83
5134,C03,752.11
5134,C04,911.48
5134,C05,827.84
5134,C06,824.03
5135,C01,2156.32
5135,C02,1990.34
5135,C03,3526.37
5135,C04,7298.03
5135,C05,3026.43
5135,C06,5760.34
5136,C01,7346.73
5136,C02,5799.41
5136,C03,4230.84
5136,C04,6882.0
5136,C05,3344.7
5136,C06,7823.28
5137,C01,9330.15
5137,C02,6900.08
5137,C03,5331.6
5137,C04,3329.29
5137,C05,7731.56
5137,C06,3588.82
5138,C01,1800.89
5138,C02,1993.66
5138,C03,1604.9
5138,C04,1541.59
5138,C05,1885.78
5138,C06,504.58
5139,C01,990.26
5139,C02,1702.38
5139,C03,1469.32
5139,C04,2324.15
5139,C05,1357.14
5139,C06,1662.66
5140,C01,2261.92
5140,C02,2046.15
5140,C03,1282.16
5140,C04,719.34
5140,C05,1641.74
5140,C06,760.24
5141,C01,1470.37
5141,C02,4602.21
5141,C03,5044.47
5141,C04,2454.73
5141,C05,1381.65
5141,C06,3475.4
5142,C01,2469.19
5142,C02,4666.08
5142,C03,3929.19
5142,C04,7942.93
5142,C05,7949.98
5142,C06,2444.9
5143,C01,6209.84
5143,C02,3541.93
5143,C03,6526.58
5143,C04,3315.48
5143,C05,5124.18
5143,C06,3261.22
5144,C01,1987.34
5144,C02,2403.52
5144,C03,1436.31
5144,C04,2041.0
5144,C05,2655.64
5144,C06,1119.03
5145,C01,9921.72
5145,C02,2435.02
5145,C03,7566.36
5145,C04,7736.49
5145,C05,10133.12
5145,C06,4646.04
5146,C01,2837.31
5146,C02,2529.99
5146,C03,795.22
5146,C04,1690.72
5146,C05,3270.23
5146,C06,2660.84
5147,C01,5720.02
5147,C02,9111.38
5147,C03,9122.24
5147,C04,8816.1
5147,C05,3639.64
5147,C06,6259.97
5148,C01,1415.41
5148,C02,4454.92
5148,C03,1280.66
5148,C04,2423.81
5148,C05,4052.86
5148,C06,4331.36
5149,C01,673.96
5149,C02,1194.85
5149,C03,1388.01
5149,C04,988.32
5149,C05,589.32
5149,C06,387.7
5150,C01,2650.77
5150,C02,1069.15
5150,C03,1774.95
5150,C04,2049.13
5150,C05,3049.11
5150,C06,886.61
5151,C01,2368.58
5151,C02,4764.7
5151,C03,4776.79
5151,C04,3821.35
5151,C05,6476.29
5151,C06,3746.6
5152,C01,4341.26
5152,C02,6305.43
5152,C03,4051.88
5152,C04,2684.96
5152,C05,5207.68
5152,C06,5975.93
5153,C01,5511.58
5153,C02,5920.19
5153,C03,9523.21
5153,C04,8494.6
5153,C05,5544.19
5153,C06,10331.14
5154,C01,3416.78
5154,C02,5415.36
5154,C03,1152.02
5154,C04,4780.92
5154,C05,4681.05
5154,C06,4752.42
5155,C01,1960.32
5155,C02,1431.78
5155,C03,2597.59
5155,C04,1606.44
5155,C05,1634.33
5155,C06,2402.41
5156,C01,6028.07
5156,C02,5524.5
5156,C03,7910.05
5156,C04,5381.34
5156,C05,2600.88
5156,C06,6871.06
5157,C01,2440.75
5157,C02,7598.31
5157,C03,10509.63
5157,C04,5276.12
5157,C05,5386.47
5157,C06,4503.25
5158,C01,5580.6
5158,C02,3756.02
5158,C03,3325.89
5158,C04,4535.26
5158,C05,3443.13
5158,C06,1720.3
5159,C01,356.82
5159,C02,659.61
5159,C03,337.3
5159,C04,702.46
5159,C05,699.35
5159,C06,1118.65
5160,C01,1862.2
5160,C02,1048.98
5160,C03,678.13
5160,C04,1310.53
5160,C05,1963.8
5160,C06,2177.63
5161,C01,1364.56
5161,C02,2079.71
5161,C03,2526.17
5161,C04,1085.19
5161,C05,3750.38
5161,C06,2547.93
5162,C01,1862.0
5162,C02,3961.89
5162,C03,2445.03
5162,C04,3331.2
5162,C05,1523.52
5162,C06,2268.3
5163,C01,2232.98
5163,C02,2340.32
5163,C03,2466.16
5163,C04,2644.04
5163,C05,3532.58
5163,C06,2145.29
5164,C01,3597.81
5164,C02,2246.42
5164,C03,1475.9
5164,C04,1695.56
5164,C05,3949.29
5164,C06,3987.11
5165,C01,1586.27
5165,C02,2291.5
5165,C03,2735.94
5165,C04,1127.66
5165,C05,2796.7
5165,C06,1401.05
5166,C01,2499.22
5166,C02,2129.51
5166,C03,4666.03
5166,C04,4917.67
5166,C05,6190.15
5166,C06,6271.96
5167,C01,1625.45
5167,C02,986.67
5167,C03,1029.61
5167,C04,1225.93
5167,C05,3011.98
5167,C06,1693.54
5168,C01,1171.35
5168,C02,432.86
5168,C03,1044.93
5168,C04,559.91
5168,C05,919.57
5168,C06,822.92
5169,C01,8905.97
5169,C02,8926.84
5169,C03,9249.73
5169,C04,9133.27
5169,C05,2615.4
5169,C06,5247.07
5170,C01,2620.02
5170,C02,1469.47
5170,C03,1016.84
5170,C04,2976.81
5170,C05,2915.31
5170,C06,3915.24
5171,C01,2622.21
5171,C02,5213.94
5171,C03,3869.44
5171,C04,1781.97
5171,C05,3287.95
5171,C06,3876.59
5172,C01,3915.09
5172,C02,2764.24
5172,C03,5657.3
5172,C04,3319.61
5172,C05,6603.07
5172,C06,9391.81
5173,C01,1527.25
5173,C02,2972.29
5173,C03,1593.17
5173,C04,1606.11
5173,C05,1598.54
5173,C06,961.92
5174,C01,6708.56
5174,C02,7882.47
5174,C03,7817.99
5174,C04,3409.06
5174,C05,6341.96
5174,C06,6050.42
5175,C01,10228.38
5175,C02,6798.43
5175,C03,7533.78
5175,C04,7039.22
5175,C05,6209.69
5175,C06,5234.95
5176,C01,2690.89
5176,C02,2577.19
5176,C03,2667.88
5176,C04,1327.43
5176,C05,1956.26
5176,C06,1083.01
5177,C01,510.57
5177,C02,1208.9
5177,C03,442.29
5177,C04,1414.17
5177,C05,1344.52
5177,C06,1351.17
5178,C01,2700.59
5178,C02,1857.57
5178,C03,4025.88
5178,C04,1841.04
5178,C05,3778.98
5178,C06,1181.35
5179,C01,858.26
5179,C02,2493.67
5179,C03,1823.45
5179,C04,1369.69
5179,C05,2428.13
5179,C06,1363.28
5180,C01,2615.61
5180,C02,1697.78
5180,C03,1161.07
5180,C04,1818.83
5180,C05,1790.45
5180,C06,3444.8
5181,C01,334.29
5181,C02,549.78
5181,C03,823.03
5181,C04,1114.28
5181,C05,610.71
5181,C06,561.23
5182,C01,8977.58
5182,C02,3162.85
5182,C03,7379.45
5182,C04,8162.08
5182,C05,3567.17
5182,C06,5559.32
5183,C01,995.21
5183,C02,834.76
5183,C03,1644.53
5183,C04,2459.75
5183,C05,2530.47
5183,C06,722.63
5184,C01,7188.93
5184,C02,4583.8
5184,C03,5614.0
5184,C04,2556.49
5184,C05,7239.17
5184,C06,4112.43
5185,C01,1071.17
5185,C02,900.41
5185,C03,1110.01
5185,C04,392.35
5185,C05,1391.32
5185,C06,1307.05
5186,C01,396.69
5186,C02,973.0
5186,C03,1651.38
5186,C04,790.95
5186,C05,778.89
5186,C06,730.34
5187,C01,908.87
5187,C02,671.19
5187,C03,678.35
5187,C04,864.92
5187,C05,1218.56
5187,C06,439.32
5188,C01,2019.56
5188,C02,3578.06
5188,C03,1540.75
5188,C04,2003.62
5188,C05,921.77
5188,C06,1282.26
5189,C01,11141.65
5189,C02,10755.57
5189,C03,5384.89
5189,C04,5575.14
5189,C05,3707.29
5189,C06,10081.01
5190,C01,3948.22
5190,C02,4712.9
5190,C03,5807.39
5190,C04,3494.16
5190,C05,4720.82
5190,C06,2869.71
5191,C01,2582.96
5191,C02,3548.61
5191,C03,2824.38
5191,C04,3985.64
5191,C05,6578.64
5191,C06,2742.55
5192,C01,3633.25
5192,C02,6483.33
5192,C03,2290.52
5192,C04,6151.65
5192,C05,6222.52
5192,C06,5482.73
5193,C01,5025.63
5193,C02,5348.81
5193,C03,5172.52
5193,C04,7313.26
5193,C05,7314.38
5193,C06,3126.91
5194,C01,3124.3
5194,C02,8611.46
5194,C03,6466.46
5194,C04,6053.3
5194,C05,5420.37
5194,C06,10039.08
5195,C01,2887.79
5195,C02,2265.75
5195,C03,2635.27
5195,C04,2009.83
5195,C05,1644.52
5195,C06,2581.57
5196,C01,7392.05
5196,C02,4712.66
5196,C03,2422.82
5196,C04,1998.17
5196,C05,4839.41
5196,C06,5344.99
5197,C01,1123.06
5197,C02,1844.73
5197,C03,1186.19
5197,C04,1027.27
5197,C05,3447.76
5197,C06,2110.61
5198,C01,6442.93
5198,C02,5826.72
5198,C03,2589.1
5198,C04,3356.21
5198,C05,5134.5
5198,C06,1523.55
5199,C01,3933.8
5199,C02,2019.18
5199,C03,7547.59
5199,C04,5792.71
5199,C05,5874.92
5199,C06,2332.55
5200,C01,5922.53
5200,C02,5188.16
5200,C03,5110.6
5200,C04,2653.33
5200,C05,8416.72
5200,C06,3517.48
5201,C01,8277.19
5201,C02,3314.31
5201,C03,1867.67
5201,C04,6446.06
5201,C05,3529.16
5201,C06,5255.72
5202,C01,3387.7
5202,C02,7725.17
5202,C03,10154.94
5202,C04,7615.68
5202,C05,7518.85
5202,C06,4429.5
5203,C01,8483.35
5203,C02,4152.8
5203,C03,7822.05
5203,C04,10003.65
5203,C05,5120.21
5203,C06,2357.79
5204,C01,2583.54
5204,C02,2360.56
5204,C03,1218.62
5204,C04,794.99
5204,C05,2967.28
5204,C06,958.19
5205,C01,2703.01
5205,C02,1668.51
5205,C03,2595.89
5205,C04,4499.16
5205,C05,6528.34
5205,C06,4701.36
5206,C01,569.97
5206,C02,1253.14
5206,C03,672.99
5206,C04,1269.46
5206,C05,931.44
5206,C06,517.19
5207,C01,2211.2
5207,C02,3015.99
5207,C03,3554.55
5207,C04,2253.08
5207,C05,3231.36
5207,C06,2350.8
5208,C01,4831.67
5208,C02,2342.26
5208,C03,3162.02
5208,C04,3372.9
5208,C05,1466.52
5208,C06,4695.61
5209,C01,4830.59
5209,C02,1906.57
5209,C03,4398.35
5209,C04,1382.67
5209,C05,2028.22
5209,C06,2274.43
5210,C01,8770.5
5210,C02,4719.28
5210,C03,7654.58
5210,C04,4339.59
5210,C05,3751.55
5210,C06,8736.94
5211,C01,1641.85
5211,C02,3599.92
5211,C03,2093.6
5211,C04,6176.44
5211,C05,2842.31
5211,C06,4308.71
5212,C01,2951.7
5212,C02,8814.2
5212,C03,2617.96
5212,C04,8204.28
5212,C05,8371.94
5212,C06,8333.2
5213,C01,3477.07
5213,C02,3324.36
5213,C03,2241.48
5213,C04,3753.52
5213,C05,3982.8
5213,C06,7990.38
5214,C01,1198.01
5214,C02,2848.27
5214,C03,1943.61
5214,C04,1424.41
5214,C05,1983.6
5214,C06,1568.6
5215,C01,2298.3
5215,C02,1403.67
5215,C03,1355.44
5215,C04,857.6
5215,C05,1841.27
5215,C06,1437.82
5216,C01,1637.66
5216,C02,3240.4
5216,C03,2070.51
5216,C04,810.75
5216,C05,765.99
5216,C06,1662.35
5217,C01,545.61
5217,C02,497.27
5217,C03,1002.93
5217,C04,798.21
5217,C05,1005.03
5217,C06,886.57
5218,C01,1334.19
5218,C02,1416.22
5218,C03,610.37
5218,C04,1069.31
5218,C05,1448.91
5218,C06,991.21
5219,C01,1276.72
5219,C02,1061.56
5219,C03,647.25
5219,C04,564.2
5219,C05,2440.05
5219,C06,668.73
5220,C01,985.25
5220,C02,3588.92
5220,C03,3042.48
5220,C04,3274.18
5220,C05,2790.82
5220,C06,2444.45
5221,C01,6035.41
5221,C02,2220.28
5221,C03,5924.29
5221,C04,1851.24
5221,C05,5718.34
5221,C06,3084.69
5222,C01,3189.53
5222,C02,2814.16
5222,C03,2750.85
5222,C04,3545.59
5222,C05,1216.79
5222,C06,1964.34
5223,C01,5585.69
5223,C02,4179.29
5223,C03,2756.37
5223,C04,3941.88
5223,C05,2737.19
5223,C06,1811.55
5224,C01,2105.75
5224,C02,4541.84
5224,C03,6453.62
5224,C04,4420.73
5224,C05,2532.92
5224,C06,4055.49
5225,C01,4160.73
5225,C02,2361.34
5225,C03,2712.94
5225,C04,4300.07
5225,C05,4694.87
5225,C06,2799.52
5226,C01,6722.9
5226,C02,6561.52
5226,C03,3034.48
5226,C04,5439.56
5226,C05,6456.42
5226,C06,3266.72
5227,C01,5146.51
5227,C02,3509.15
5227,C03,2077.02
5227,C04,4572.34
5227,C05,2675.7
5227,C06,2931.1
5228,C01,7286.16
5228,C02,2835.12
5228,C03,7113.3
5228,C04,4475.78
5228,C05,8416.01
5228,C06,8477.19
5229,C01,6094.67
5229,C02,3680.97
5229,C03,7019.29
5229,C04,4427.34
5229,C05,5805.12
5229,C06,7520.5
5230,C01,4164.68
5230,C02,1339.83
5230,C03,2770.44
5230,C04,5279.05
5230,C05,4339.13
5230,C06,2810.88
5231,C01,1634.47
5231,C02,2240.15
5231,C03,1582.81
5231,C04,4915.12
5231,C05,1945.21
5231,C06,5041.19
5232,C01,3947.35
5232,C02,2861.42
5232,C03,5533.94
5232,C04,2302.37
5232,C05,5359.39
5232,C06,5615.5
5233,C01,3149.13
5233,C02,3653.26
5233,C03,3398.56
5233,C04,980.27
5233,C05,3300.04
5233,C06,3517.66
5234,C01,4583.29
5234,C02,6589.27
5234,C03,4834.62
5234,C04,3652.13
5234,C05,7234.05
5234,C06,5720.68
5235,C01,8363.75
5235,C02,7381.69
5235,C03,6711.45
5235,C04,8149.52
5235,C05,4489.3
5235,C06,2380.51
5236,C01,5314.6
5236,C02,10313.35
5236,C03,4666.87
5236,C04,10855.62
5236,C05,10937.8
5236,C06,7696.4
5237,C01,5385.33
5237,C02,1555.26
5237,C03,3162.74
5237,C04,5843.98
5237,C05,3139.63
5237,C06,5013.69
5238,C01,888.88
5238,C02,703.41
5238,C03,850.6
5238,C04,1415.85
5238,C05,1401.81
5238,C06,844.79
5239,C01,10657.08
5239,C02,9110.24
5239,C03,6915.68
5239,C04,3523.05
5239,C05,8902.16
5239,C06,4541.6
5240,C01,11213.85
5240,C02,8353.27
5240,C03,11534.84
5240,C04,2451.76
5240,C05,8607.59
5240,C06,9694.6
5241,C01,5651.03
5241,C02,7152.46
5241,C03,4474.57
5241,C04,3384.27
5241,C05,5717.62
5241,C06,6380.3
5242,C01,2767.9
5242,C02,6034.41
5242,C03,4285.29
5242,C04,1573.89
5242,C05,2972.18
5242,C06,7176.02
5243,C01,5165.34
5243,C02,2593.15
5243,C03,6448.13
5243,C04,2541.22
5243,C05,3645.45
5243,C06,4595.63
5244,C01,3428.29
5244,C02,8041.39
5244,C03,2415.47
5244,C04,10857.51
5244,C05,4661.97
5244,C06,6690.84
5245,C01,1215.46
5245,C02,651.62
5245,C03,636.67
5245,C04,754.86
5245,C05,1021.68
5245,C06,999.2
5246,C01,2038.89
5246,C02,1342.01
5246,C03,1553.15
5246,C04,1316.89
5246,C05,1456.37
5246,C06,916.78
5247,C01,2224.11
5247,C02,835.2
5247,C03,1443.77
5247,C04,806.28
5247,C05,1434.46
5247,C06,2010.96
5248,C01,8322.32
5248,C02,1808.02
5248,C03,8456.42
5248,C04,4973.15
5248,C05,5534.07
5248,C06,6859.73
5249,C01,3583.9
5249,C02,1697.12
5249,C03,2581.28
5249,C04,2546.04
5249,C05,2722.94
5249,C06,4295.62
5250,C01,2308.28
5250,C02,872.32
5250,C03,1852.49
5250,C04,889.96
5250,C05,2875.85
5250,C06,3939.13
5251,C01,1893.28
5251,C02,3745.21
5251,C03,1735.7
5251,C04,2967.24
5251,C05,4004.31
5251,C06,2970.63
5252,C01,3287.22
5252,C02,3713.87
5252,C03,2012.01
5252,C04,7302.65
5252,C05,6960.99
5252,C06,2112.46
5253,C01,6238.9
5253,C02,5793.43
5253,C03,9896.39
5253,C04,6009.32
5253,C05,10457.45
5253,C06,9449.83
5254,C01,4184.78
5254,C02,5798.19
5254,C03,4037.12
5254,C04,4523.04
5254,C05,6517.64
5254,C06,5670.61
5255,C01,1666.51
5255,C02,2845.56
5255,C03,6516.68
5255,C04,2586.21
5255,C05,2289.13
5255,C06,1779.85
5256,C01,1214.4
5256,C02,828.91
5256,C03,1489.54
5256,C04,2308.77
5256,C05,1666.14
5256,C06,1843.35
5257,C01,7564.63
5257,C02,8516.36
5257,C03,2980.56
5257,C04,5055.81
5257,C05,3649.73
5257,C06,3469.2
5258,C01,3595.02
5258,C02,4742.8
5258,C03,4007.79
5258,C04,1352.24
5258,C05,3360.37
5258,C06,2654.93
5259,C01,6520.18
5259,C02,11023.08
5259,C03,5596.81
5259,C04,6096.76
5259,C05,4921.02
5259,C06,10726.33
5260,C01,3040.31
5260,C02,4579.08
5260,C03,5631.27
5260,C04,2590.34
5260,C05,4640.18
5260,C06,4670.19
5261,C01,1129.32
5261,C02,2863.9
5261,C03,1357.63
5261,C04,1641.58
5261,C05,831.53
5261,C06,1276.17
5262,C01,6013.35
5262,C02,2867.07
5262,C03,6020.9
5262,C04,8269.53
5262,C05,7994.16
5262,C06,7484.04
5263,C01,2329.49
5263,C02,3622.19
5263,C03,4524.4
5263,C04,4699.56
5263,C05,4203.6
5263,C06,4505.52
5264,C01,5111.52
5264,C02,5535.27
5264,C03,3542.12
5264,C04,1366.29
5264,C05,3931.2
5264,C06,1215.18
5265,C01,4132.82
5265,C02,3750.97
5265,C03,3930.74
5265,C04,4586.22
5265,C05,5376.18
5265,C06,3727.16
5266,C01,6005.7
5266,C02,1957.63
5266,C03,6532.14
5266,C04,1777.32
5266,C05,4685.38
5266,C06,4151.59
5267,C01,798.49
5267,C02,2571.98
5267,C03,2338.37
5267,C04,1993.13
5267,C05,2494.97
5267,C06,1588.89
5268,C01,2189.51
5268,C02,501.74
5268,C03,2077.94
5268,C04,959.33
5268,C05,2046.22
5268,C06,1815.75
5269,C01,1985.0
5269,C02,1728.33
5269,C03,1497.01
5269,C04,2041.02
5269,C05,1464.24
5269,C06,974.37
5270,C01,7317.48
5270,C02,6517.35
5270,C03,6412.48
5270,C04,3132.99
5270,C05,3679.67
5270,C06,2184.48
5271,C01,1057.13
5271,C02,3200.35
5271,C03,2905.66
5271,C04,1512.45
5271,C05,2738.4
5271,C06,2162.46
5272,C01,3799.67
5272,C02,1397.45
5272,C03,3220.52
5272,C04,2332.66
5272,C05,4823.73
5272,C06,2136.26
5273,C01,5658.25
5273,C02,9980.55
5273,C03,2056.42
5273,C04,5529.17
5273,C05,3983.43
5273,C06,2217.35
5274,C01,5497.58
5274,C02,1322.9
5274,C03,1270.32
5274,C04,2793.3
5274,C05,1542.32
5274,C06,1884.62
5275,C01,819.25
5275,C02,784.2
5275,C03,607.51
5275,C04,1042.48
5275,C05,1878.83
5275,C06,1666.4
5276,C01,1307.77
5276,C02,664.43
5276,C03,1364.78
5276,C04,1897.44
5276,C05,2205.25
5276,C06,1460.87
5277,C01,3592.82
5277,C02,3557.03
5277,C03,2058.15
5277,C04,2101.07
5277,C05,2770.57
5277,C06,2680.18
5278,C01,2030.31
5278,C02,2686.48
5278,C03,5731.95
5278,C04,2801.5
5278,C05,4702.08
5278,C06,5471.96
5279,C01,2172.77
5279,C02,7375.58
5279,C03,6672.6
5279,C04,2495.78
5279,C05,7041.57
5279,C06,7506.97
5280,C01,7289.25
5280,C02,5836.99
5280,C03,2428.22
5280,C04,2425.22
5280,C05,6963.01
5280,C06,8585.98
5281,C01,1933.45
5281,C02,1750.98
5281,C03,733.79
5281,C04,2158.86
5281,C05,1734.94
5281,C06,2015.27
5282,C01,2663.97
5282,C02,1935.8
5282,C03,3765.59
5282,C04,2533.07
5282,C05,1143.91
5282,C06,2106.72
5283,C01,3204.45
5283,C02,6096.12
5283,C03,8203.09
5283,C04,2916.49
5283,C05,9167.8
5283,C06,9791.52
5284,C01,1191.69
5284,C02,3306.05
5284,C03,4327.39
5284,C04,2052.05
5284,C05,2851.54
5284,C06,5705.71
5285,C01,9565.95
5285,C02,4347.17
5285,C03,9421.91
5285,C04,8403.83
5285,C05,7349.68
5285,C06,10131.53
5286,C01,1787.65
5286,C02,3237.2
5286,C03,4442.47
5286,C04,2338.76
5286,C05,4441.2
5286,C06,5521.61
5287,C01,1759.95
5287,C02,1326.77
5287,C03,794.41
5287,C04,1108.65
5287,C05,503.03
5287,C06,1723.59
5288,C01,3570.4
5288,C02,4318.04
5288,C03,2961.55
5288,C04,2593.41
5288,C05,3962.7
5288,C06,1950.22
5289,C01,4485.03
5289,C02,3421.2
5289,C03,2735.11
5289,C04,4387.38
5289,C05,2151.47
5289,C06,5110.69
5290,C01,2346.54
5290,C02,4099.02
5290,C03,1532.58
5290,C04,3474.5
5290,C05,3317.3
5290,C06,1047.6
5291,C01,1628.85
5291,C02,2446.66
5291,C03,2979.46
5291,C04,1647.16
5291,C05,2167.33
5291,C06,1200.27
5292,C01,1215.91
5292,C02,1559.59
5292,C03,3024.28
5292,C04,1518.73
5292,C05,1693.48
5292,C06,2686.76
5293,C01,6108.89
5293,C02,6329.84
5293,C03,4460.33
5293,C04,3083.5
5293,C05,4374.01
5293,C06,6886.06
5294,C01,1478.99
5294,C02,2833.69
5294,C03,1361.74
5294,C04,2484.26
5294,C05,3735.79
5294,C06,3408.45
5295,C01,5797.85
5295,C02,7118.09
5295,C03,4370.05
5295,C04,5882.18
5295,C05,6306.61
5295,C06,1588.17
5296,C01,593.59
5296,C02,1208.86
5296,C03,1147.38
5296,C04,788.86
5296,C05,857.82
5296,C06,1245.0
5297,C01,4189.58
5297,C02,6109.68
5297,C03,2354.08
5297,C04,5111.24
5297,C05,2434.65
5297,C06,4176.73
5298,C01,7544.19
5298,C02,9851.16
5298,C03,10362.48
5298,C04,10741.84
5298,C05,9929.56
5298,C06,6844.55
5299,C01,3362.58
5299,C02,2111.13
5299,C03,2368.57
5299,C04,1907.28
5299,C05,3094.33
5299,C06,2113.26
5300,C01,6941.24
5300,C02,3883.65
5300,C03,6538.93
5300,C04,3316.52
5300,C05,5549.2
5300,C06,5002.34
5301,C01,2365.16
5301,C02,10037.38
5301,C03,10905.75
5301,C04,10885.8
5301,C05,7192.4
5301,C06,9971.29
5302,C01,1988.6
5302,C02,4924.93
5302,C03,4020.86
5302,C04,2597.92
5302,C05,3840.11
5302,C06,2734.04
5303,C01,2953.67
5303,C02,9040.12
5303,C03,2540.78
5303,C04,2846.49
5303,C05,8336.37
5303,C06,4983.16
5304,C01,3436.2
5304,C02,2722.46
5304,C03,2904.41
5304,C04,3043.98
5304,C05,2464.99
5304,C06,2903.26
5305,C01,2828.39
5305,C02,3249.54
5305,C03,4032.78
5305,C04,3566.93
5305,C05,1705.52
5305,C06,1279.05
5306,C01,438.19
5306,C02,1194.97
5306,C03,1603.86
5306,C04,538.75
5306,C05,899.19
5306,C06,826.94
5307,C01,5098.86
5307,C02,6249.92
5307,C03,5683.48
5307,C04,5895.41
5307,C05,1930.16
5307,C06,2004.78
5308,C01,3602.76
5308,C02,2507.08
5308,C03,3670.4
5308,C04,3983.11
5308,C05,2486.84
5308,C06,3130.98
5309,C01,3548.63
5309,C02,1220.88
5309,C03,5755.28
5309,C04,2715.61
5309,C05,3131.19
5309,C06,3033.83
5310,C01,4232.37
5310,C02,6157.8
5310,C03,4774.29
5310,C04,4521.66
5310,C05,6061.36
5310,C06,2571.87
5311,C01,3819.37
5311,C02,6153.27
5311,C03,4002.19
5311,C04,7410.77
5311,C05,7727.82
5311,C06,4604.16
5312,C01,8213.03
5312,C02,4494.15
5312,C03,4199.92
5312,C04,5639.68
5312,C05,7302.62
5312,C06,3464.08
5313,C01,6035.7
5313,C02,7865.85
5313,C03,6647.07
5313,C04,4881.83
5313,C05,10132.36
5313,C06,7474.54
5314,C01,1046.48
5314,C02,1521.53
5314,C03,1350.32
5314,C04,467.54
5314,C05,449.16
5314,C06,1106.9
5315,C01,2165.7
5315,C02,1461.04
5315,C03,1221.08
5315,C04,1296.03
5315,C05,1741.51
5315,C06,1848.69
5316,C01,2358.44
5316,C02,1817.98
5316,C03,2273.4
5316,C04,2401.95
5316,C05,1595.05
5316,C06,2059.58
5317,C01,5839.86
5317,C02,1949.34
5317,C03,5430.95
5317,C04,1923.82
5317,C05,5800.57
5317,C06,2802.07
5318,C01,8270.37
5318,C02,7657.04
5318,C03,10137.75
5318,C04,7597.1
5318,C05,10916.73
5318,C06,7995.03
5319,C01,3733.24
5319,C02,3069.75
5319,C03,1908.62
5319,C04,5204.65
5319,C05,5739.49
5319,C06,6731.91
5320,C01,6292.38
5320,C02,8865.68
5320,C03,11231.28
5320,C04,4575.92
5320,C05,6971.05
5320,C06,7333.87
5321,C01,10839.93
5321,C02,5505.32
5321,C03,8623.22
5321,C04,8056.38
5321,C05,4883.36
5321,C06,10834.69
5322,C01,7382.54
5322,C02,5963.13
5322,C03,7115.27
5322,C04,2573.28
5322,C05,1850.78
5322,C06,6252.02
5323,C01,7251.79
5323,C02,2773.07
5323,C03,5583.42
5323,C04,9350.88
5323,C05,2167.17
5323,C06,2574.1
5324,C01,7970.12
5324,C02,3739.82
5324,C03,8378.32
5324,C04,6467.04
5324,C05,5293.31
5324,C06,3588.6
5325,C01,2807.02
5325,C02,3043.9
5325,C03,1419.91
5325,C04,3303.41
5325,C05,2064.29
5325,C06,5344.79
5326,C01,10391.9
5326,C02,6492.85
5326,C03,4271.96
5326,C04,2961.54
5326,C05,6674.25
5326,C06,5003.7
5327,C01,6869.94
5327,C02,8505.55
5327,C03,6348.64
5327,C04,9942.84
5327,C05,3820.4
5327,C06,10364.62
5328,C01,6989.55
5328,C02,1924.9
5328,C03,3193.58
5328,C04,6870.82
5328,C05,4478.87
5328,C06,2076.2
5329,C01,5876.72
5329,C02,3150.67
5329,C03,9579.95
5329,C04,3607.11
5329,C05,9373.05
5329,C06,3779.16
5330,C01,9415.09
5330,C02,2766.34
5330,C03,6365.08
5330,C04,3456.37
5330,C05,2441.97
5330,C06,8294.28
5331,C01,6344.02
5331,C02,10457.42
5331,C03,11313.98
5331,C04,10206.58
5331,C05,4878.11
5331,C06,4656.05
5332,C01,2511.87
5332,C02,9561.32
5332,C03,5037.81
5332,C04,6807.5
5332,C05,5311.23
5332,C06,4365.05
5333,C01,735.3
5333,C02,1927.1
5333,C03,897.51
5333,C04,2203.49
5333,C05,1569.07
5333,C06,1223.64
5334,C01,5684.63
5334,C02,3145.14
5334,C03,8294.68
5334,C04,6894.23
5334,C05,3314.74
5334,C06,8250.51
5335,C01,1688.66
5335,C02,4146.67
5335,C03,1633.06
5335,C04,3542.71
5335,C05,4980.87
5335,C06,5979.72
5336,C01,3562.93
5336,C02,3744.1
5336,C03,2612.17
5336,C04,3827.27
5336,C05,2233.46
5336,C06,2598.48
5337,C01,6430.57
5337,C02,3175.09
5337,C03,6533.81
5337,C04,7470.64
5337,C05,5542.11
5337,C06,10538.31
5338,C01,3917.94
5338,C02,4624.57
5338,C03,3428.62
5338,C04,5156.46
5338,C05,1320.8
5338,C06,4776.89
5339,C01,3046.8
5339,C02,5203.4
5339,C03,4268.67
5339,C04,2111.57
5339,C05,3262.45
5339,C06,4251.52
5340,C01,879.14
5340,C02,2722.9
5340,C03,1472.25
5340,C04,2578.82
5340,C05,2787.61
5340,C06,1595.33
5341,C01,2692.13
5341,C02,7416.28
5341,C03,4541.34
5341,C04,6530.34
5341,C05,3802.82
5341,C06,5787.27
5342,C01,902.34
5342,C02,393.08
5342,C03,970.44
5342,C04,1407.88
5342,C05,310.71
5342,C06,802.93
5343,C01,4038.48
5343,C02,8445.3
5343,C03,8252.04
5343,C04,5432.95
5343,C05,2304.61
5343,C06,9289.44
5344,C01,3166.72
5344,C02,3134.46
5344,C03,3412.19
5344,C04,2249.42
5344,C05,2610.86
5344,C06,1935.19
5345,C01,3179.62
5345,C02,3872.13
5345,C03,4201.61
5345,C04,2296.07
5345,C05,4896.96
5345,C06,2359.41
5346,C01,6948.47
5346,C02,6779.73
5346,C03,8007.39
5346,C04,5872.85
5346,C05,7094.78
5346,C06,2716.32
5347,C01,1394.35
5347,C02,1527.28
5347,C03,1278.98
5347,C04,344.22
5347,C05,1605.27
5347,C06,430.93
5348,C01,1182.85
5348,C02,1109.15
5348,C03,1139.52
5348,C04,1010.77
5348,C05,799.57
5348,C06,492.67
5349,C01,2277.54
5349,C02,5252.36
5349,C03,7559.63
5349,C04,3684.87
5349,C05,4162.42
5349,C06,4708.37
5350,C01,1566.51
5350,C02,2150.29
5350,C03,2048.15
5350,C04,813.13
5350,C05,2137.34
5350,C06,2356.58
5351,C01,2965.51
5351,C02,6730.36
5351,C03,3816.97
5351,C04,6421.53
5351,C05,6050.35
5351,C06,6551.02
5352,C01,2793.57
5352,C02,6017.76
5352,C03,2510.08
5352,C04,4275.38
5352,C05,4153.41
5352,C06,3041.77
5353,C01,4222.9
5353,C02,1329.1
5353,C03,3085.59
5353,C04,1608.51
5353,C05,4245.43
5353,C06,2012.36
5354,C01,3606.35
5354,C02,7040.35
5354,C03,4354.4
5354,C04,6505.3
5354,C05,9353.09
5354,C06,9755.85
5355,C01,5310.93
5355,C02,2414.41
5355,C03,4247.2
5355,C04,5320.88
5355,C05,5689.15
5355,C06,6111.11
5356,C01,1350.64
5356,C02,1556.16
5356,C03,2495.21
5356,C04,1110.11
5356,C05,1248.26
5356,C06,1402.89
5357,C01,8912.11
5357,C02,6556.17
5357,C03,8132.68
5357,C04,2519.69
5357,C05,6679.13
5357,C06,8027.84
5358,C01,2533.2
5358,C02,4291.17
5358,C03,2471.07
5358,C04,3533.28
5358,C05,5391.83
5358,C06,1715.02
5359,C01,2579.05
5359,C02,6183.66
5359,C03,2276.79
5359,C04,2750.11
5359,C05,4527.57
5359,C06,5953.29
5360,C01,9108.37
5360,C02,4694.26
5360,C03,4552.1
5360,C04,3990.84
5360,C05,2824.6
5360,C06,8640.52
5361,C01,4460.03
5361,C02,7488.52
5361,C03,4515.18
5361,C04,7439.17
5361,C05,3110.85
5361,C06,2287.98
5362,C01,10591.02
5362,C02,8413.35
5362,C03,3497.2
5362,C04,2464.5
5362,C05,4195.0
5362,C06,4912.81
5363,C01,2301.84
5363,C02,1119.16
5363,C03,941.89
5363,C04,1186.98
5363,C05,742.3
5363,C06,2666.57
5364,C01,5456.05
5364,C02,2658.74
5364,C03,2541.14
5364,C04,6709.48
5364,C05,4319.91
5364,C06,4919.43
5365,C01,2359.04
5365,C02,8318.23
5365,C03,4538.43
5365,C04,2573.91
5365,C05,3271.54
5365,C06,8821.41
5366,C01,5392.9
5366,C02,7722.33
5366,C03,9385.5
5366,C04,8939.1
5366,C05,9598.86
5366,C06,7822.27
5367,C01,1229.62
5367,C02,2011.19
5367,C03,966.7
5367,C04,580.66
5367,C05,1107.67
5367,C06,1845.78
5368,C01,3616.57
5368,C02,7555.42
5368,C03,8295.81
5368,C04,7173.77
5368,C05,8160.03
5368,C06,9582.19
5369,C01,7283.61
5369,C02,10678.74
5369,C03,10155.72
5369,C04,10973.04
5369,C05,8445.08
5369,C06,2811.28
5370,C01,5009.59
5370,C02,3371.32
5370,C03,5835.88
5370,C04,3976.37
5370,C05,5514.97
5370,C06,4940.85
5371,C01,3236.52
5371,C02,1670.21
5371,C03,3762.04
5371,C04,1434.59
5371,C05,2209.64
5371,C06,794.6
5372,C01,4361.77
5372,C02,3903.99
5372,C03,3664.63
5372,C04,3713.3
5372,C05,3499.25
5372,C06,4994.84
5373,C01,2324.19
5373,C02,5469.58
5373,C03,4240.88
5373,C04,5707.97
5373,C05,3403.61
5373,C06,5879.76
5374,C01,3315.37
5374,C02,6269.97
5374,C03,9418.93
5374,C04,9169.29
5374,C05,7236.27
5374,C06,9200.31
5375,C01,7507.8
5375,C02,2402.05
5375,C03,9161.43
5375,C04,4802.66
5375,C05,5634.05
5375,C06,8721.7
5376,C01,1641.35
5376,C02,778.12
5376,C03,600.07
5376,C04,1224.88
5376,C05,1331.39
5376,C06,1113.13
5377,C01,3291.88
5377,C02,2548.88
5377,C03,2805.89
5377,C04,5281.14
5377,C05,4081.42
5377,C06,2987.89
5378,C01,5567.83
5378,C02,1939.14
5378,C03,3251.78
5378,C04,2758.15
5378,C05,8219.36
5378,C06,3800.83
5379,C01,4877.28
5379,C02,4317.84
5379,C03,5877.02
5379,C04,3112.91
5379,C05,6217.94
5379,C06,3310.73
5380,C01,5683.91
5380,C02,6257.57
5380,C03,6444.99
5380,C04,3801.13
5380,C05,3717.87
5380,C06,4071.64
5381,C01,455.11
5381,C02,653.8
5381,C03,959.04
5381,C04,545.66
5381,C05,684.02
5381,C06,464.21
5382,C01,340.15
5382,C02,393.51
5382,C03,626.74
5382,C04,343.05
5382,C05,205.67
5382,C06,313.98
5383,C01,5963.4
5383,C02,4001.04
5383,C03,4928.82
5383,C04,3044.61
5383,C05,6431.86
5383,C06,2230.92
5384,C01,7244.77
5384,C02,2417.7
5384,C03,6220.07
5384,C04,1607.3
5384,C05,7298.01
5384,C06,3833.51
5385,C01,1899.16
5385,C02,823.59
5385,C03,774.19
5385,C04,1391.14
5385,C05,1212.04
5385,C06,652.91
5386,C01,939.03
5386,C02,1244.88
5386,C03,730.9
5386,C04,1171.44
5386,C05,1506.95
5386,C06,1503.19
5387,C01,5155.44
5387,C02,5017.33
5387,C03,1382.0
5387,C04,1707.32
5387,C05,3075.71
5387,C06,5795.81
5388,C01,4071.36
5388,C02,5240.92
5388,C03,2514.98
5388,C04,1594.66
5388,C05,5245.16
5388,C06,4485.51
5389,C01,2290.73
5389,C02,7957.44
5389,C03,7813.75
5389,C04,2652.79
5389,C05,5233.58
5389,C06,4579.95
5390,C01,8655.61
5390,C02,5632.36
5390,C03,6997.83
5390,C04,5157.04
5390,C05,5127.6
5390,C06,4862.7
5391,C01,2828.91
5391,C02,3156.35
5391,C03,3010.29
5391,C04,4695.59
5391,C05,4491.94
5391,C06,1912.53
5392,C01,5180.56
5392,C02,4018.65
5392,C03,4483.92
5392,C04,4996.22
5392,C05,5950.03
5392,C06,6550.63
5393,C01,10003.41
5393,C02,8942.11
5393,C03,6868.06
5393,C04,8213.25
5393,C05,9242.17
5393,C06,2936.63
5394,C01,7122.0
5394,C02,8797.26
5394,C03,4036.96
5394,C04,4617.38
5394,C05,10055.65
5394,C06,7104.3
5395,C01,1923.12
5395,C02,3511.78
5395,C03,1843.53
5395,C04,2914.41
5395,C05,3067.67
5395,C06,1731.36
5396,C01,7861.58
5396,C02,5262.06
5396,C03,7065.03
5396,C04,6091.58
5396,C05,7280.99
5396,C06,7845.72
5397,C01,1553.55
5397,C02,595.59
5397,C03,1142.92
5397,C04,1444.13
5397,C05,642.26
5397,C06,2300.18
5398,C01,4184.99
5398,C02,3407.67
5398,C03,3863.95
5398,C04,6304.62
5398,C05,5378.16
5398,C06,2025.47
5399,C01,5554.04
5399,C02,4149.21
5399,C03,2957.08
5399,C04,2456.85
5399,C05,6440.43
5399,C06,3195.09
5400,C01,2504.77
5400,C02,4763.09
5400,C03,2313.6
5400,C04,4497.83
5400,C05,1268.52
5400,C06,3766.97
5401,C01,2967.44
5401,C02,2582.46
5401,C03,2027.05
5401,C04,1925.85
5401,C05,3994.14
5401,C06,3756.08
5402,C01,5926.05
5402,C02,1990.15
5402,C03,2798.93
5402,C04,4793.84
5402,C05,1853.22
5402,C06,2060.27
5403,C01,4438.97
5403,C02,2794.48
5403,C03,4941.02
5403,C04,3235.94
5403,C05,6022.62
5403,C06,5002.28
5404,C01,375.11
5404,C02,628.0
5404,C03,800.17
5404,C04,615.96
5404,C05,296.95
5404,C06,335.73
5405,C01,609.48
5405,C02,1474.25
5405,C03,1031.6
5405,C04,924.12
5405,C05,1392.54
5405,C06,1325.42
5406,C01,5375.62
5406,C02,8117.62
5406,C03,5535.4
5406,C04,2744.56
5406,C05,8475.0
5406,C06,6903.55
5407,C01,2497.45
5407,C02,2333.86
5407,C03,3126.07
5407,C04,1996.32
5407,C05,1408.76
5407,C06,2495.51
5408,C01,6467.79
5408,C02,4507.58
5408,C03,6773.34
5408,C04,2416.14
5408,C05,4695.17
5408,C06,6330.6
5409,C01,3254.21
5409,C02,4147.1
5409,C03,8475.21
5409,C04,5123.92
5409,C05,10005.06
5409,C06,9425.58
5410,C01,6212.48
5410,C02,3006.47
5410,C03,8331.96
5410,C04,6509.12
5410,C05,1981.35
5410,C06,4535.06
5411,C01,3683.12
5411,C02,3540.77
5411,C03,1479.65
5411,C04,3695.84
5411,C05,4431.71
5411,C06,2203.98
5412,C01,3536.66
5412,C02,7731.91
5412,C03,9690.6
5412,C04,5457.78
5412,C05,5134.59
5412,C06,10349.84
5413,C01,4366.28
5413,C02,5867.13
5413,C03,6758.81
5413,C04,9304.37
5413,C05,5517.97
5413,C06,5446.76
5414,C01,6708.16
5414,C02,1919.85
5414,C03,5005.92
5414,C04,6447.02
5414,C05,3547.62
5414,C06,7589.57
5415,C01,2345.81
5415,C02,2720.03
5415,C03,5213.37
5415,C04,4924.28
5415,C05,7851.77
5415,C06,6730.59
5416,C01,642.98
5416,C02,1051.13
5416,C03,1188.28
5416,C04,1328.89
5416,C05,2001.41
5416,C06,726.07
5417,C01,8576.95
5417,C02,7171.78
5417,C03,2507.01
5417,C04,7402.33
5417,C05,3103.59
5417,C06,8610.23
5418,C01,2908.39
5418,C02,966.0
5418,C03,2266.56
5418,C04,1395.16
5418,C05,3337.73
5418,C06,3202.44
5419,C01,1717.29
5419,C02,6073.57
5419,C03,1615.23
5419,C04,3636.36
5419,C05,6370.34
5419,C06,1485.79
5420,C01,4536.81
5420,C02,4298.14
5420,C03,4618.94
5420,C04,3665.02
5420,C05,5795.53
5420,C06,1759.47
5421,C01,3913.74
5421,C02,4021.39
5421,C03,3345.45
5421,C04,4812.73
5421,C05,2394.27
5421,C06,2051.11
5422,C01,10304.92
5422,C02,5770.03
5422,C03,8717.72
5422,C04,10153.09
5422,C05,6425.05
5422,C06,4415.0
5423,C01,8695.68
5423,C02,7405.78
5423,C03,9092.98
5423,C04,3347.81
5423,C05,7207.32
5423,C06,6886.39
5424,C01,2791.17
5424,C02,1858.8
5424,C03,2432.01
5424,C04,3053.18
5424,C05,1294.08
5424,C06,3550.23
5425,C01,3897.33
5425,C02,3270.36
5425,C03,2518.37
5425,C04,6687.89
5425,C05,7525.87
5425,C06,3667.21
5426,C01,6936.5
5426,C02,2132.14
5426,C03,7810.71
5426,C04,4856.88
5426,C05,3416.66
5426,C06,9237.34
5427,C01,5787.85
5427,C02,1859.86
5427,C03,2328.4
5427,C04,5580.72
5427,C05,4022.44
5427,C06,7129.12
5428,C01,8628.37
5428,C02,5901.94
5428,C03,2397.09
5428,C04,5548.29
5428,C05,9918.93
5428,C06,6818.71
5429,C01,5942.71
5429,C02,2039.14
5429,C03,2278.07
5429,C04,2259.81
5429,C05,4887.31
5429,C06,6148.13
5430,C01,2349.07
5430,C02,7035.75
5430,C03,6179.49
5430,C04,2833.58
5430,C05,8035.46
5430,C06,2520.64
5431,C01,2759.58
5431,C02,3649.1
5431,C03,1681.09
5431,C04,1524.2
5431,C05,3251.94
5431,C06,3390.3
5432,C01,3199.31
5432,C02,4008.59
5432,C03,3407.14
5432,C04,1301.14
5432,C05,1927.18
5432,C06,3379.54
5433,C01,2600.49
5433,C02,7709.13
5433,C03,6985.19
5433,C04,7209.98
5433,C05,5465.48
5433,C06,3147.63
5434,C01,1375.31
5434,C02,3873.34
5434,C03,2801.75
5434,C04,2291.75
5434,C05,3762.62
5434,C06,1718.7
5435,C01,3716.34
5435,C02,2303.48
5435,C03,2500.18
5435,C04,5033.89
5435,C05,5365.91
5435,C06,4393.48
5436,C01,7952.78
5436,C02,9297.86
5436,C03,6183.34
5436,C04,3452.73
5436,C05,8265.64
5436,C06,11801.56
5437,C01,5559.5
5437,C02,7243.3
5437,C03,6445.32
5437,C04,5973.82
5437,C05,6977.53
5437,C06,7827.07
5438,C01,4772.26
5438,C02,4442.49
5438,C03,5933.31
5438,C04,7513.56
5438,C05,3497.37
5438,C06,8331.76
5439,C01,3205.41
5439,C02,4041.25
5439,C03,10182.52
5439,C04,4236.15
5439,C05,10789.35
5439,C06,9149.17
5440,C01,4803.25
5440,C02,4265.54
5440,C03,5116.07
5440,C04,1747.32
5440,C05,3279.66
5440,C06,3869.13
5441,C01,4581.36
5441,C02,4555.4
5441,C03,3871.74
5441,C04,5208.55
5441,C05,3242.29
5441,C06,3733.31
5442,C01,1899.71
5442,C02,1718.91
5442,C03,1597.38
5442,C04,4080.85
5442,C05,945.92
5442,C06,3462.95
5443,C01,4106.46
5443,C02,994.99
5443,C03,4168.45
5443,C04,3037.5
5443,C05,1484.57
5443,C06,987.95
5444,C01,3694.96
5444,C02,3237.44
5444,C03,3705.25
5444,C04,2647.25
5444,C05,1797.51
5444,C06,3772.01
5445,C01,2783.03
5445,C02,2505.19
5445,C03,1932.24
5445,C04,2746.31
5445,C05,2996.32
5445,C06,2534.85
5446,C01,1638.54
5446,C02,1364.66
5446,C03,794.9
5446,C04,889.3
5446,C05,1504.02
5446,C06,1496.14
5447,C01,7408.83
5447,C02,2878.57
5447,C03,5029.77
5447,C04,7516.2
5447,C05,4011.18
5447,C06,7871.31
5448,C01,11194.86
5448,C02,5731.68
5448,C03,4242.66
5448,C04,2523.89
5448,C05,6469.18
5448,C06,8038.35
5449,C01,4759.13
5449,C02,6993.5
5449,C03,7996.77
5449,C04,2309.86
5449,C05,2357.18
5449,C06,5715.4
5450,C01,1793.51
5450,C02,1323.4
5450,C03,927.3
5450,C04,712.54
5450,C05,2755.84
5450,C06,1558.76
5451,C01,1240.84
5451,C02,1107.89
5451,C03,382.01
5451,C04,673.39
5451,C05,1109.42
5451,C06,1157.92
5452,C01,1789.2
5452,C02,3787.39
5452,C03,2979.3
5452,C04,4508.29
5452,C05,1621.41
5452,C06,6126.19
5453,C01,2286.51
5453,C02,1242.22
5453,C03,3282.03
5453,C04,4697.9
5453,C05,3758.26
5453,C06,1622.91
5454,C01,8507.98
5454,C02,2058.89
5454,C03,5121.42
5454,C04,7310.28
5454,C05,7633.75
5454,C06,8247.25
5455,C01,2278.28
5455,C02,2043.82
5455,C03,1584.39
5455,C04,2459.36
5455,C05,2645.75
5455,C06,1076.62
5456,C01,4722.39
5456,C02,2847.16
5456,C03,3985.47
5456,C04,1296.42
5456,C05,4096.52
5456,C06,2636.64
5457,C01,5555.17
5457,C02,10480.69
5457,C03,4652.59
5457,C04,4188.18
5457,C05,10667.63
5457,C06,5111.84
5458,C01,6071.03
5458,C02,4636.57
5458,C03,7558.97
5458,C04,8460.99
5458,C05,4351.62
5458,C06,2387.56
5459,C01,6856.33
5459,C02,7368.1
5459,C03,2556.12
5459,C04,5494.49
5459,C05,6878.72
5459,C06,6080.62
5460,C01,1214.03
5460,C02,545.51
5460,C03,617.87
5460,C04,2113.43
5460,C05,1622.52
5460,C06,2155.14
5461,C01,5288.11
5461,C02,3419.23
5461,C03,6988.03
5461,C04,5203.52
5461,C05,6524.52
5461,C06,3293.04
5462,C01,7143.34
5462,C02,5513.26
5462,C03,3372.96
5462,C04,10220.38
5462,C05,10935.13
5462,C06,10736.5
5463,C01,1644.0
5463,C02,2445.22
5463,C03,1611.34
5463,C04,4400.2
5463,C05,4091.64
5463,C06,4866.71
5464,C01,3251.8
5464,C02,2633.4
5464,C03,4299.5
5464,C04,4298.5
5464,C05,6070.32
5464,C06,2184.38
5465,C01,6001.83
5465,C02,2722.42
5465,C03,5083.92
5465,C04,11099.01
5465,C05,11923.79
5465,C06,9695.36
5466,C01,5979.93
5466,C02,8958.73
5466,C03,7828.56
5466,C04,11590.8
5466,C05,3079.37
5466,C06,6654.28
5467,C01,1942.51
5467,C02,3204.22
5467,C03,3889.38
5467,C04,2270.34
5467,C05,857.15
5467,C06,1371.57
5468,C01,6517.87
5468,C02,4439.22
5468,C03,3771.28
5468,C04,6771.13
5468,C05,2092.89
5468,C06,2646.68
5469,C01,1665.29
5469,C02,975.36
5469,C03,1558.25
5469,C04,937.2
5469,C05,3664.89
5469,C06,1857.67
5470,C01,2305.81
5470,C02,5163.15
5470,C03,7962.17
5470,C04,4709.68
5470,C05,4335.77
5470,C06,6920.59
5471,C01,4732.0
5471,C02,3899.72
5471,C03,4965.07
5471,C04,5631.58
5471,C05,3156.62
5471,C06,3676.07
5472,C01,1345.38
5472,C02,1614.05
5472,C03,1600.75
5472,C04,2880.81
5472,C05,1321.83
5472,C06,3109.19
5473,C01,6466.22
5473,C02,6559.21
5473,C03,10955.25
5473,C04,10335.83
5473,C05,10890.87
5473,C06,7283.35
5474,C01,2321.83
5474,C02,10803.6
5474,C03,8422.35
5474,C04,4005.9
5474,C05,3293.89
5474,C06,10139.26
5475,C01,7306.95
5475,C02,7966.18
5475,C03,9958.09
5475,C04,9720.29
5475,C05,9781.0
5475,C06,9851.3
5476,C01,7283.53
5476,C02,3193.24
5476,C03,6798.54
5476,C04,6552.23
5476,C05,7961.74
5476,C06,1928.84
5477,C01,3493.4
5477,C02,2994.23
5477,C03,4181.09
5477,C04,3839.55
5477,C05,3440.17
5477,C06,1341.73
5478,C01,3150.23
5478,C02,8825.32
5478,C03,8321.05
5478,C04,2974.68
5478,C05,2134.13
5478,C06,4309.2
5479,C01,6248.02
5479,C02,7307.7
5479,C03,5258.21
5479,C04,10816.77
5479,C05,10948.51
5479,C06,2547.02
5480,C01,3404.64
5480,C02,10747.94
5480,C03,3772.2
5480,C04,10071.67
5480,C05,7778.15
5480,C06,2832.97
5481,C01,545.04
5481,C02,739.49
5481,C03,511.35
5481,C04,882.19
5481,C05,1120.74
5481,C06,1393.85
5482,C01,4083.29
5482,C02,1346.84
5482,C03,3697.92
5482,C04,2039.35
5482,C05,2616.08
5482,C06,4140.22
5483,C01,1992.09
5483,C02,2593.22
5483,C03,4901.29
5483,C04,2721.34
5483,C05,5243.44
5483,C06,3746.5
5484,C01,7430.19
5484,C02,9319.26
5484,C03,4675.44
5484,C04,8171.2
5484,C05,2791.07
5484,C06,11391.82
5485,C01,1130.63
5485,C02,2887.24
5485,C03,1841.81
5485,C04,1678.84
5485,C05,2625.69
5485,C06,3209.57
5486,C01,1811.32
5486,C02,1955.83
5486,C03,513.93
5486,C04,849.34
5486,C05,1091.26
5486,C06,1178.8
5487,C01,7325.0
5487,C02,3540.38
5487,C03,6688.05
5487,C04,6524.53
5487,C05,9164.03
5487,C06,7267.63
5488,C01,5602.49
5488,C02,8746.94
5488,C03,6591.77
5488,C04,7800.75
5488,C05,5658.24
5488,C06,2822.59
5489,C01,3754.21
5489,C02,3550.65
5489,C03,2036.56
5489,C04,1976.53
5489,C05,3784.55
5489,C06,2284.44
5490,C01,1100.89
5490,C02,2826.88
5490,C03,2675.19
5490,C04,4304.16
5490,C05,1339.47
5490,C06,2865.59
5491,C01,3678.71
5491,C02,1815.12
5491,C03,4074.2
5491,C04,2437.26
5491,C05,1255.09
5491,C06,2592.88
5492,C01,4248.09
5492,C02,4265.06
5492,C03,1923.5
5492,C04,5307.56
5492,C05,2317.96
5492,C06,2159.82
5493,C01,1510.57
5493,C02,4176.38
5493,C03,2197.89
5493,C04,2406.1
5493,C05,2599.59
5493,C06,1610.99
5494,C01,1132.74
5494,C02,2349.06
5494,C03,1721.74
5494,C04,1088.96
5494,C05,1287.75
5494,C06,2134.06
5495,C01,1925.46
5495,C02,771.92
5495,C03,2109.04
5495,C04,3031.32
5495,C05,2146.46
5495,C06,1176.92
5496,C01,2529.63
5496,C02,9403.14
5496,C03,7947.0
5496,C04,2901.12
5496,C05,6302.06
5496,C06,6886.11
5497,C01,1705.94
5497,C02,2650.36
5497,C03,1603.62
5497,C04,2384.73
5497,C05,846.59
5497,C06,2854.48
5498,C01,4153.4
5498,C02,8968.3
5498,C03,4512.19
5498,C04,5423.33
5498,C05,2413.06
5498,C06,6998.37
5499,C01,4082.27
5499,C02,5330.38
5499,C03,5778.32
5499,C04,8997.53
5499,C05,3147.61
5499,C06,8330.63
5500,C01,2391.73
5500,C02,1535.02
5500,C03,1208.66
5500,C04,4011.73
5500,C05,4496.66
5500,C06,2980.95
5501,C01,1730.8
5501,C02,1802.33
5501,C03,2062.33
5501,C04,1309.85
5501,C05,1354.51
5501,C06,687.67
5502,C01,2408.54
5502,C02,5155.39
5502,C03,1619.1
5502,C04,3565.63
5502,C05,4722.87
5502,C06,2364.74
5503,C01,2158.26
5503,C02,2858.25
5503,C03,2832.44
5503,C04,1299.79
5503,C05,1057.22
5503,C06,1012.21
5504,C01,2139.22
5504,C02,2314.91
5504,C03,1441.74
5504,C04,3693.89
5504,C05,4117.99
5504,C06,1582.89
5505,C01,6111.65
5505,C02,2407.36
5505,C03,3360.51
5505,C04,5022.19
5505,C05,2965.36
5505,C06,2424.24
5506,C01,8771.88
5506,C02,5742.29
5506,C03,4195.58
5506,C04,7504.17
5506,C05,9937.01
5506,C06,8595.62
5507,C01,5591.05
5507,C02,6528.73
5507,C03,5318.07
5507,C04,7499.85
5507,C05,3820.61
5507,C06,1744.94
5508,C01,9020.72
5508,C02,4311.74
5508,C03,7756.98
5508,C04,3517.31
5508,C05,8912.9
5508,C06,4773.45
5509,C01,4832.62
5509,C02,2092.92
5509,C03,2905.75
5509,C04,5177.92
5509,C05,2150.46
5509,C06,4862.5
5510,C01,2774.79
5510,C02,2753.76
5510,C03,2021.06
5510,C04,4278.01
5510,C05,5964.7
5510,C06,1715.76
5511,C01,6200.91
5511,C02,6052.32
5511,C03,2180.55
5511,C04,2113.51
5511,C05,3954.44
5511,C06,4163.2
5512,C01,833.34
5512,C02,873.58
5512,C03,1895.81
5512,C04,1317.68
5512,C05,526.15
5512,C06,1973.5
5513,C01,1246.11
5513,C02,742.24
5513,C03,650.13
5513,C04,864.57
5513,C05,1823.77
5513,C06,775.38
5514,C01,1598.75
5514,C02,1535.91
5514,C03,2815.7
5514,C04,3155.77
5514,C05,1719.21
5514,C06,3713.84
5515,C01,2500.44
5515,C02,1294.4
5515,C03,2320.84
5515,C04,1865.92
5515,C05,1202.49
5515,C06,2517.63
5516,C01,4991.81
5516,C02,3907.8
5516,C03,4196.46
5516,C04,2652.24
5516,C05,4614.76
5516,C06,3963.26
5517,C01,2333.02
5517,C02,4561.9
5517,C03,6265.93
5517,C04,1820.56
5517,C05,5120.79
5517,C06,6606.51
5518,C01,3344.01
5518,C02,2329.1
5518,C03,8823.24
5518,C04,2996.33
5518,C05,9372.37
5518,C06,4119.46
5519,C01,1066.35
5519,C02,875.22
5519,C03,3095.2
5519,C04,2061.9
5519,C05,1779.6
5519,C06,3101.0
5520,C01,5236.04
5520,C02,3086.78
5520,C03,2215.08
5520,C04,3539.31
5520,C05,8100.32
5520,C06,4307.59
5521,C01,1515.79
5521,C02,2546.13
5521,C03,1644.26
5521,C04,744.95
5521,C05,2732.99
5521,C06,2988.32
5522,C01,2352.14
5522,C02,1056.28
5522,C03,781.36
5522,C04,1415.46
5522,C05,1590.42
5522,C06,975.7
5523,C01,3779.9
5523,C02,2704.04
5523,C03,3878.87
5523,C04,2923.09
5523,C05,5507.84
5523,C06,4842.71
5524,C01,4620.74
5524,C02,1634.0
5524,C03,2295.63
5524,C04,5307.01
5524,C05,2126.83
5524,C06,2270.18
5525,C01,3029.78
5525,C02,5029.26
5525,C03,4705.26
5525,C04,5724.16
5525,C05,4160.2
5525,C06,5488.96
5526,C01,3265.62
5526,C02,10390.14
5526,C03,2468.77
5526,C04,4183.15
5526,C05,9460.59
5526,C06,7295.49
5527,C01,4780.81
5527,C02,3902.1
5527,C03,5140.15
5527,C04,4924.38
5527,C05,1209.47
5527,C06,1945.79
5528,C01,1401.54
5528,C02,768.73
5528,C03,2302.14
5528,C04,1675.43
5528,C05,2051.35
5528,C06,1302.67
5529,C01,4064.4
5529,C02,4214.41
5529,C03,4636.18
5529,C04,3572.89
5529,C05,5557.2
5529,C06,1400.56
5530,C01,5350.76
5530,C02,3638.34
5530,C03,1610.25
5530,C04,6520.61
5530,C05,2206.85
5530,C06,2982.49
5531,C01,2233.45
5531,C02,8440.88
5531,C03,7547.9
5531,C04,9111.16
5531,C05,2751.95
5531,C06,2181.09
5532,C01,459.91
5532,C02,1015.62
5532,C03,1009.23
5532,C04,614.92
5532,C05,321.34
5532,C06,524.47
5533,C01,3894.42
5533,C02,2673.34
5533,C03,3641.93
5533,C04,2093.5
5533,C05,3945.71
5533,C06,2408.38
5534,C01,2888.62
5534,C02,2233.87
5534,C03,1010.13
5534,C04,1201.35
5534,C05,2029.75
5534,C06,1007.34
5535,C01,7552.1
5535,C02,7742.15
5535,C03,2359.76
5535,C04,9243.89
5535,C05,2624.26
5535,C06,7538.14
5536,C01,5101.07
5536,C02,6430.78
5536,C03,4230.02
5536,C04,5807.91
5536,C05,6414.6
5536,C06,3163.62
5537,C01,6967.75
5537,C02,2045.06
5537,C03,2519.89
5537,C04,6320.92
5537,C05,2607.74
5537,C06,2984.31
5538,C01,2079.67
5538,C02,3556.52
5538,C03,5167.59
5538,C04,4811.77
5538,C05,1991.8
5538,C06,3267.18
5539,C01,3040.85
5539,C02,6179.55
5539,C03,2458.79
5539,C04,6454.32
5539,C05,6298.19
5539,C06,7436.52
5540,C01,5094.69
5540,C02,3047.14
5540,C03,4214.59
5540,C04,5440.82
5540,C05,3823.77
5540,C06,5519.82
5541,C01,2419.39
5541,C02,7266.81
5541,C03,4703.86
5541,C04,5953.79
5541,C05,2721.99
5541,C06,6966.41
5542,C01,1030.65
5542,C02,2088.23
5542,C03,1368.11
5542,C04,3794.54
5542,C05,983.59
5542,C06,2016.22
5543,C01,1166.12
5543,C02,4929.34
5543,C03,4170.68
5543,C04,3647.68
5543,C05,3418.33
5543,C06,2775.65
5544,C01,1141.27
5544,C02,908.5
5544,C03,1106.56
5544,C04,648.54
5544,C05,724.93
5544,C06,1303.23
5545,C01,10053.34
5545,C02,6673.77
5545,C03,8044.01
5545,C04,7008.61
5545,C05,7797.13
5545,C06,2860.22
5546,C01,465.08
5546,C02,376.76
5546,C03,709.54
5546,C04,311.53
5546,C05,727.78
5546,C06,654.11
5547,C01,3888.27
5547,C02,4249.12
5547,C03,2403.32
5547,C04,8765.59
5547,C05,7687.76
5547,C06,7108.71
5548,C01,8153.6
5548,C02,7119.38
5548,C03,4989.19
5548,C04,5162.02
5548,C05,6953.76
5548,C06,7018.55
5549,C01,5542.87
5549,C02,8304.21
5549,C03,3306.89
5549,C04,8218.66
5549,C05,7338.01
5549,C06,3428.76
5550,C01,1107.62
5550,C02,2260.86
5550,C03,2893.14
5550,C04,1376.09
5550,C05,3084.39
5550,C06,2535.14
5551,C01,2179.19
5551,C02,3487.2
5551,C03,2142.78
5551,C04,4703.55
5551,C05,5357.04
5551,C06,1810.31
5552,C01,294.86
5552,C02,934.1
5552,C03,323.83
5552,C04,912.33
5552,C05,303.6
5552,C06,619.62
5553,C01,1277.57
5553,C02,1018.08
5553,C03,1822.6
5553,C04,1994.71
5553,C05,2924.59
5553,C06,707.24
5554,C01,9240.56
5554,C02,8493.33
5554,C03,4172.61
5554,C04,8058.53
5554,C05,8674.9
5554,C06,3060.77
5555,C01,1393.89
5555,C02,884.63
5555,C03,1054.77
5555,C04,1118.63
5555,C05,532.43
5555,C06,782.22
5556,C01,3054.0
5556,C02,723.34
5556,C03,1800.85
5556,C04,1999.64
5556,C05,1917.68
5556,C06,771.75
5557,C01,4438.83
5557,C02,6311.03
5557,C03,5973.71
5557,C04,5237.63
5557,C05,3715.59
5557,C06,3952.33
5558,C01,7241.22
5558,C02,3675.4
5558,C03,2491.53
5558,C04,5856.38
5558,C05,7565.73
5558,C06,3173.78
5559,C01,5869.84
5559,C02,3071.12
5559,C03,6170.27
5559,C04,1903.9
5559,C05,1675.59
5559,C06,5999.56
5560,C01,1173.34
5560,C02,1925.26
5560,C03,1503.38
5560,C04,652.45
5560,C05,1575.51
5560,C06,448.01
5561,C01,3529.81
5561,C02,1902.74
5561,C03,4949.05
5561,C04,2513.18
5561,C05,6124.75
5561,C06,5466.58
5562,C01,724.73
5562,C02,1301.41
5562,C03,1336.78
5562,C04,452.97
5562,C05,518.66
5562,C06,683.98
5563,C01,4711.48
5563,C02,5605.59
5563,C03,4479.61
5563,C04,5777.42
5563,C05,1761.04
5563,C06,5123.06
5564,C01,782.68
5564,C02,785.0
5564,C03,461.09
5564,C04,848.36
5564,C05,1649.97
5564,C06,729.54
5565,C01,709.69
5565,C02,1697.7
5565,C03,1667.57
5565,C04,1676.69
5565,C05,1704.31
5565,C06,2194.71
5566,C01,5573.54
5566,C02,2116.96
5566,C03,4247.93
5566,C04,1614.76
5566,C05,3681.27
5566,C06,4722.15
5567,C01,897.96
5567,C02,1448.72
5567,C03,1736.17
5567,C04,612.35
5567,C05,1262.6
5567,C06,758.75
5568,C01,7064.4
5568,C02,6221.25
5568,C03,6595.18
5568,C04,4996.56
5568,C05,6038.86
5568,C06,2144.36
5569,C01,6875.16
5569,C02,2930.92
5569,C03,8944.77
5569,C04,11037.09
5569,C05,5831.6
5569,C06,4375.68
5570,C01,2363.87
5570,C02,1599.47
5570,C03,1976.65
5570,C04,2514.54
5570,C05,2029.42
5570,C06,622.94
5571,C01,1653.81
5571,C02,537.27
5571,C03,478.42
5571,C04,563.39
5571,C05,1410.22
5571,C06,1864.42
5572,C01,2316.8
5572,C02,4553.23
5572,C03,2785.3
5572,C04,2963.97
5572,C05,5637.56
5572,C06,2142.18
5573,C01,2626.49
5573,C02,7618.75
5573,C03,7771.81
5573,C04,3812.31
5573,C05,5097.16
5573,C06,3525.69
5574,C01,6283.6
5574,C02,5196.59
5574,C03,7259.17
5574,C04,5750.51
5574,C05,3892.45
5574,C06,3542.2
5575,C01,5418.35
5575,C02,2790.9
5575,C03,7863.58
5575,C04,3488.12
5575,C05,6237.72
5575,C06,4742.24
5576,C01,5224.94
5576,C02,9363.93
5576,C03,5004.76
5576,C04,2829.25
5576,C05,5138.53
5576,C06,3988.01
5577,C01,4525.08
5577,C02,3966.77
5577,C03,2192.48
5577,C04,6898.46
5577,C05,5593.55
5577,C06,2816.73
5578,C01,8607.09
5578,C02,7197.3
5578,C03,3633.89
5578,C04,9315.15
5578,C05,7565.84
5578,C06,6612.74
5579,C01,3134.29
5579,C02,8408.42
5579,C03,8460.09
5579,C04,6814.65
5579,C05,7716.91
5579,C06,4197.75
5580,C01,2701.55
5580,C02,2455.3
5580,C03,2868.59
5580,C04,5743.51
5580,C05,5918.47
5580,C06,4536.4
5581,C01,1347.18
5581,C02,3194.52
5581,C03,4306.64
5581,C04,1019.55
5581,C05,2539.07
5581,C06,2326.77
5582,C01,1581.35
5582,C02,730.8
5582,C03,1216.33
5582,C04,990.86
5582,C05,644.63
5582,C06,1503.72
5583,C01,6932.61
5583,C02,11027.47
5583,C03,11305.86
5583,C04,8544.16
5583,C05,2892.12
5583,C06,7579.29
5584,C01,2806.87
5584,C02,1785.64
5584,C03,3516.44
5584,C04,2454.52
5584,C05,1981.83
5584,C06,3197.16
5585,C01,6434.63
5585,C02,8534.61
5585,C03,6039.72
5585,C04,6446.5
5585,C05,5076.05
5585,C06,10522.13
5586,C01,3261.2
5586,C02,5738.27
5586,C03,7426.46
5586,C04,7102.02
5586,C05,8732.58
5586,C06,3588.46
5587,C01,2181.04
5587,C02,7916.49
5587,C03,2764.07
5587,C04,3007.46
5587,C05,2579.4
5587,C06,8803.45
5588,C01,6703.9
5588,C02,4347.23
5588,C03,5389.21
5588,C04,1481.86
5588,C05,1656.81
5588,C06,6682.12
5589,C01,1356.02
5589,C02,1829.2
5589,C03,1584.6
5589,C04,2407.58
5589,C05,2499.8
5589,C06,2895.86
5590,C01,4151.06
5590,C02,2162.02
5590,C03,1965.11
5590,C04,4079.58
5590,C05,7487.81
5590,C06,6955.67
5591,C01,3096.46
5591,C02,7885.79
5591,C03,2510.46
5591,C04,4431.13
5591,C05,5127.2
5591,C06,2529.58
5592,C01,5199.33
5592,C02,11094.27
5592,C03,4851.9
5592,C04,9879.19
5592,C05,6448.26
5592,C06,6230.56
5593,C01,2641.54
5593,C02,4294.96
5593,C03,2841.76
5593,C04,4750.75
5593,C05,2363.82
5593,C06,1325.61
5594,C01,1064.06
5594,C02,682.45
5594,C03,465.87
5594,C04,889.19
5594,C05,1049.46
5594,C06,653.71
5595,C01,3128.0
5595,C02,898.5
5595,C03,2873.15
5595,C04,662.93
5595,C05,773.53
5595,C06,2004.05
5596,C01,1262.83
5596,C02,2025.97
5596,C03,1402.01
5596,C04,1325.14
5596,C05,2204.66
5596,C06,1333.1
5597,C01,3758.44
5597,C02,1045.17
5597,C03,1183.33
5597,C04,1477.85
5597,C05,3667.12
5597,C06,2516.39
5598,C01,2146.67
5598,C02,5880.25
5598,C03,3420.62
5598,C04,6718.07
5598,C05,4551.43
5598,C06,4294.37
5599,C01,1577.59
5599,C02,3798.33
5599,C03,4815.58
5599,C04,2256.17
5599,C05,5671.32
5599,C06,5492.55
5600,C01,4791.68
5600,C02,3086.4
5600,C03,9245.2
5600,C04,4090.0
5600,C05,10006.45
5600,C06,4143.38
5601,C01,2324.0
5601,C02,5620.29
5601,C03,4841.08
5601,C04,4002.26
5601,C05,3770.81
5601,C06,2859.52
5602,C01,5172.98
5602,C02,7949.95
5602,C03,10329.45
5602,C04,5226.76
5602,C05,9066.0
5602,C06,6485.3
5603,C01,9724.49
5603,C02,6538.95
5603,C03,9280.33
5603,C04,2357.48
5603,C05,9111.23
5603,C06,9241.05
5604,C01,2764.78
5604,C02,1489.92
5604,C03,2531.65
5604,C04,1304.07
5604,C05,2862.11
5604,C06,3482.36
5605,C01,3682.51
5605,C02,8217.61
5605,C03,6547.97
5605,C04,3975.93
5605,C05,2156.81
5605,C06,4981.24
5606,C01,3462.97
5606,C02,2966.74
5606,C03,1605.66
5606,C04,2038.36
5606,C05,2652.05
5606,C06,1734.3
5607,C01,4665.82
5607,C02,3884.02
5607,C03,3321.48
5607,C04,6367.24
5607,C05,7177.62
5607,C06,7024.04
5608,C01,5574.92
5608,C02,1839.54
5608,C03,3045.04
5608,C04,4103.49
5608,C05,4474.34
5608,C06,5788.95
5609,C01,1075.53
5609,C02,1636.95
5609,C03,2752.92
5609,C04,5053.35
5609,C05,4434.69
5609,C06,1397.92
5610,C01,3321.06
5610,C02,5902.92
5610,C03,3122.1
5610,C04,3243.85
5610,C05,3956.31
5610,C06,6598.98
5611,C01,1317.53
5611,C02,982.68
5611,C03,652.3
5611,C04,755.93
5611,C05,783.38
5611,C06,740.53
5612,C01,9396.9
5612,C02,3617.01
5612,C03,5734.74
5612,C04,8407.13
5612,C05,5740.99
5612,C06,9523.07
5613,C01,3368.53
5613,C02,3205.93
5613,C03,4225.72
5613,C04,3714.31
5613,C05,3000.33
5613,C06,4817.96
5614,C01,5911.89
5614,C02,5282.83
5614,C03,11012.66
5614,C04,8343.93
5614,C05,11110.77
5614,C06,9911.55
5615,C01,3851.19
5615,C02,1568.66
5615,C03,2722.38
5615,C04,2067.72
5615,C05,2752.34
5615,C06,2549.02
5616,C01,4751.56
5616,C02,1407.41
5616,C03,1552.42
5616,C04,4767.7
5616,C05,2006.55
5616,C06,5825.08
5617,C01,1799.94
5617,C02,1684.23
5617,C03,1079.97
5617,C04,1472.63
5617,C05,2011.76
5617,C06,1169.1
5618,C01,7382.62
5618,C02,2491.99
5618,C03,9316.58
5618,C04,10401.29
5618,C05,2490.6
5618,C06,7714.44
5619,C01,1032.38
5619,C02,1391.91
5619,C03,2519.98
5619,C04,1416.79
5619,C05,1751.47
5619,C06,1542.72
5620,C01,5016.95
5620,C02,4472.48
5620,C03,3630.95
5620,C04,3222.87
5620,C05,6478.91
5620,C06,3120.69
5621,C01,6155.07
5621,C02,6368.2
5621,C03,6759.61
5621,C04,7211.69
5621,C05,3176.82
5621,C06,5771.64
5622,C01,5713.7
5622,C02,7101.03
5622,C03,6129.83
5622,C04,4647.45
5622,C05,6286.04
5622,C06,2348.98
5623,C01,6401.19
5623,C02,6965.97
5623,C03,6227.77
5623,C04,2615.57
5623,C05,9015.19
5623,C06,9320.76
5624,C01,4988.32
5624,C02,3321.22
5624,C03,3912.79
5624,C04,4111.99
5624,C05,3836.89
5624,C06,2535.9
5625,C01,1000.04
5625,C02,3054.03
5625,C03,1209.94
5625,C04,1748.16
5625,C05,3056.47
5625,C06,1591.78
5626,C01,6339.38
5626,C02,6733.66
5626,C03,5218.34
5626,C04,6024.69
5626,C05,7200.34
5626,C06,7469.89
5627,C01,2634.41
5627,C02,2605.0
5627,C03,1792.91
5627,C04,2463.58
5627,C05,2082.73
5627,C06,2591.41
5628,C01,1435.37
5628,C02,4901.53
5628,C03,2037.57
5628,C04,4111.76
5628,C05,1662.32
5628,C06,1324.81
5629,C01,2210.45
5629,C02,7540.74
5629,C03,10504.93
5629,C04,5265.25
5629,C05,6227.95
5629,C06,7179.44
5630,C01,4800.22
5630,C02,1887.71
5630,C03,6140.64
5630,C04,1538.14
5630,C05,5415.73
5630,C06,5972.0
5631,C01,1363.93
5631,C02,1665.56
5631,C03,2340.95
5631,C04,2770.99
5631,C05,1571.18
5631,C06,4278.06
5632,C01,2962.23
5632,C02,2873.29
5632,C03,3075.0
5632,C04,3288.65
5632,C05,855.77
5632,C06,3845.88
5633,C01,2914.62
5633,C02,2498.05
5633,C03,3670.25
5633,C04,4282.07
5633,C05,7864.61
5633,C06,6653.11
5634,C01,8666.88
5634,C02,5845.52
5634,C03,11162.08
5634,C04,3869.74
5634,C05,11529.1
5634,C06,6488.82
5635,C01,3002.71
5635,C02,3694.97
5635,C03,2041.34
5635,C04,2087.68
5635,C05,2093.36
5635,C06,2997.4
5636,C01,4373.83
5636,C02,4533.94
5636,C03,2256.09
5636,C04,6366.56
5636,C05,4018.66
5636,C06,6077.06
5637,C01,10864.91
5637,C02,8540.75
5637,C03,2963.01
5637,C04,8140.74
5637,C05,8748.82
5637,C06,10933.29
5638,C01,1941.67
5638,C02,3619.94
5638,C03,2582.44
5638,C04,1277.14
5638,C05,2213.12
5638,C06,3138.92
5639,C01,4392.27
5639,C02,2562.36
5639,C03,4066.19
5639,C04,4293.27
5639,C05,2757.08
5639,C06,3468.38
5640,C01,1405.81
5640,C02,1060.24
5640,C03,1491.12
5640,C04,2251.89
5640,C05,3016.69
5640,C06,2171.91
5641,C01,4326.44
5641,C02,5047.29
5641,C03,4566.94
5641,C04,5583.86
5641,C05,3169.81
5641,C06,4085.09
5642,C01,9282.71
5642,C02,3060.16
5642,C03,10599.22
5642,C04,7763.6
5642,C05,6207.33
5642,C06,6885.02
5643,C01,2894.03
5643,C02,4271.1
5643,C03,2310.21
5643,C04,5591.65
5643,C05,4740.5
5643,C06,2981.84
5644,C01,3296.33
5644,C02,4494.09
5644,C03,3152.7
5644,C04,1195.21
5644,C05,2469.68
5644,C06,2247.62
5645,C01,1911.17
5645,C02,2809.26
5645,C03,1977.96
5645,C04,582.75
5645,C05,1937.48
5645,C06,1484.29
5646,C01,4279.61
5646,C02,9286.08
5646,C03,4305.4
5646,C04,5580.7
5646,C05,8886.91
5646,C06,7458.89
5647,C01,611.92
5647,C02,1291.53
5647,C03,745.53
5647,C04,1918.26
5647,C05,1748.48
5647,C06,1407.98
5648,C01,2776.14
5648,C02,2968.25
5648,C03,2167.93
5648,C04,2761.39
5648,C05,1567.74
5648,C06,3229.48
5649,C01,916.37
5649,C02,2640.44
5649,C03,743.01
5649,C04,920.98
5649,C05,1449.75
5649,C06,2570.76
5650,C01,891.13
5650,C02,334.12
5650,C03,1385.61
5650,C04,1129.22
5650,C05,488.18
5650,C06,1268.09
5651,C01,2088.95
5651,C02,2858.07
5651,C03,2451.46
5651,C04,2308.58
5651,C05,3993.92
5651,C06,2280.95
5652,C01,3240.69
5652,C02,3018.91
5652,C03,1595.33
5652,C04,713.69
5652,C05,1396.37
5652,C06,3257.48
5653,C01,2292.67
5653,C02,2152.84
5653,C03,1526.71
5653,C04,1715.11
5653,C05,791.6
5653,C06,2229.22
5654,C01,2641.09
5654,C02,4031.26
5654,C03,5235.54
5654,C04,3111.28
5654,C05,6100.54
5654,C06,6453.41
5655,C01,3057.29
5655,C02,1532.0
5655,C03,1491.65
5655,C04,1413.31
5655,C05,3994.15
5655,C06,1041.56
5656,C01,5125.73
5656,C02,2369.68
5656,C03,5045.12
5656,C04,4334.22
5656,C05,3989.72
5656,C06,3747.11
5657,C01,6700.49
5657,C02,3482.34
5657,C03,5942.25
5657,C04,4812.05
5657,C05,4980.87
5657,C06,4618.87
5658,C01,6335.15
5658,C02,4007.95
5658,C03,7877.62
5658,C04,2466.72
5658,C05,7081.22
5658,C06,4308.41
5659,C01,659.04
5659,C02,2246.32
5659,C03,1369.58
5659,C04,2075.31
5659,C05,2097.64
5659,C06,1059.56
5660,C01,9032.38
5660,C02,8899.9
5660,C03,4245.76
5660,C04,6837.54
5660,C05,6695.47
5660,C06,5429.47
5661,C01,2294.28
5661,C02,2094.14
5661,C03,3457.26
5661,C04,2329.14
5661,C05,1836.18
5661,C06,5251.26
5662,C01,5342.49
5662,C02,7201.6
5662,C03,8887.92
5662,C04,3805.43
5662,C05,5032.86
5662,C06,4004.02
5663,C01,2027.34
5663,C02,2869.83
5663,C03,3406.88
5663,C04,3027.02
5663,C05,1453.63
5663,C06,3323.66
5664,C01,3073.92
5664,C02,7297.53
5664,C03,6810.21
5664,C04,6115.92
5664,C05,8557.34
5664,C06,7421.18
5665,C01,2060.82
5665,C02,2893.79
5665,C03,821.1
5665,C04,1153.24
5665,C05,1591.13
5665,C06,3708.02
5666,C01,5179.42
5666,C02,4567.06
5666,C03,7434.9
5666,C04,5616.35
5666,C05,3389.69
5666,C06,4123.8
5667,C01,927.89
5667,C02,1072.45
5667,C03,1195.96
5667,C04,781.65
5667,C05,895.17
5667,C06,1013.41
5668,C01,2846.65
5668,C02,6510.27
5668,C03,9119.95
5668,C04,4091.95
5668,C05,9015.21
5668,C06,8348.58
5669,C01,599.82
5669,C02,2202.33
5669,C03,1884.39
5669,C04,736.44
5669,C05,1996.16
5669,C06,2272.31
5670,C01,4602.66
5670,C02,2263.81
5670,C03,2149.85
5670,C04,3141.81
5670,C05,2577.01
5670,C06,3116.13
5671,C01,10408.08
5671,C02,3755.33
5671,C03,3954.32
5671,C04,10498.12
5671,C05,2392.88
5671,C06,8330.54
5672,C01,1485.18
5672,C02,2498.64
5672,C03,824.1
5672,C04,2754.95
5672,C05,3393.63
5672,C06,1589.86
5673,C01,4723.13
5673,C02,1903.23
5673,C03,2542.21
5673,C04,5086.32
5673,C05,1969.68
5673,C06,2896.65
5674,C01,1395.0
5674,C02,930.35
5674,C03,613.11
5674,C04,1377.12
5674,C05,1505.25
5674,C06,1846.52
5675,C01,5528.26
5675,C02,2995.93
5675,C03,7147.01
5675,C04,5645.51
5675,C05,3716.43
5675,C06,1796.54
5676,C01,5327.54
5676,C02,2682.32
5676,C03,3863.32
5676,C04,4946.48
5676,C05,2285.73
5676,C06,4578.78
5677,C01,943.91
5677,C02,1044.67
5677,C03,937.48
5677,C04,1355.21
5677,C05,2559.8
5677,C06,1329.04
5678,C01,3713.83
5678,C02,5547.66
5678,C03,4974.19
5678,C04,6166.64
5678,C05,5272.14
5678,C06,3510.9
5679,C01,3027.19
5679,C02,5968.18
5679,C03,6607.57
5679,C04,3878.11
5679,C05,3876.5
5679,C06,5412.35
5680,C01,6997.26
5680,C02,2575.17
5680,C03,6860.79
5680,C04,7219.67
5680,C05,9879.74
5680,C06,5774.21
5681,C01,9543.22
5681,C02,4884.34
5681,C03,3025.71
5681,C04,4206.04
5681,C05,5755.01
5681,C06,4493.77
5682,C01,6222.9
5682,C02,10382.06
5682,C03,5428.91
5682,C04,11052.4
5682,C05,9808.14
5682,C06,8884.93
5683,C01,916.8
5683,C02,813.07
5683,C03,2136.36
5683,C04,683.25
5683,C05,2068.57
5683,C06,860.5
5684,C01,5475.03
5684,C02,3102.48
5684,C03,3899.41
5684,C04,1689.74
5684,C05,2786.57
5684,C06,2813.55
5685,C01,1367.43
5685,C02,4350.25
5685,C03,3352.84
5685,C04,1914.85
5685,C05,4473.52
5685,C06,2596.72
5686,C01,3258.8
5686,C02,4992.14
5686,C03,3406.03
5686,C04,3709.1
5686,C05,3789.05
5686,C06,7446.72
5687,C01,931.5
5687,C02,2905.21
5687,C03,1362.42
5687,C04,2570.99
5687,C05,640.89
5687,C06,1448.21
5688,C01,1388.18
5688,C02,1901.09
5688,C03,3911.31
5688,C04,3836.18
5688,C05,1930.91
5688,C06,2059.64
5689,C01,7271.83
5689,C02,5081.12
5689,C03,3545.65
5689,C04,6083.8
5689,C05,8700.82
5689,C06,6942.78
5690,C01,8574.21
5690,C02,10845.29
5690,C03,5404.04
5690,C04,9688.4
5690,C05,3859.03
5690,C06,4964.62
5691,C01,1861.33
5691,C02,6137.88
5691,C03,3790.36
5691,C04,5359.28
5691,C05,7265.34
5691,C06,3058.42
5692,C01,5089.39
5692,C02,2372.34
5692,C03,1645.72
5692,C04,6168.26
5692,C05,3348.45
5692,C06,4608.69
5693,C01,3333.18
5693,C02,1549.57
5693,C03,1151.78
5693,C04,3319.39
5693,C05,1689.31
5693,C06,3540.91
5694,C01,6688.81
5694,C02,7777.81
5694,C03,7410.9
5694,C04,10441.09
5694,C05,8539.71
5694,C06,10159.47
5695,C01,1218.67
5695,C02,1299.64
5695,C03,417.99
5695,C04,623.86
5695,C05,1328.35
5695,C06,889.24
5696,C01,1121.19
5696,C02,2970.71
5696,C03,2548.47
5696,C04,1165.5
5696,C05,2274.31
5696,C06,1890.8
5697,C01,3649.78
5697,C02,3955.59
5697,C03,3162.46
5697,C04,8102.85
5697,C05,1960.57
5697,C06,6932.88
5698,C01,7583.84
5698,C02,7096.77
5698,C03,2273.67
5698,C04,4174.06
5698,C05,4479.29
5698,C06,3706.34
5699,C01,759.68
5699,C02,702.21
5699,C03,828.24
5699,C04,579.41
5699,C05,733.93
5699,C06,447.54
5700,C01,2627.11
5700,C02,9157.35
5700,C03,4068.05
5700,C04,8627.63
5700,C05,6277.64
5700,C06,9061.9
5701,C01,2870.1
5701,C02,1773.05
5701,C03,1787.0
5701,C04,2215.37
5701,C05,1582.84
5701,C06,1790.16
5702,C01,3011.52
5702,C02,2866.06
5702,C03,3190.02
5702,C04,2363.66
5702,C05,1568.55
5702,C06,6303.8
5703,C01,3170.87
5703,C02,8369.18
5703,C03,2857.2
5703,C04,2008.67
5703,C05,5284.42
5703,C06,3919.04
5704,C01,2931.09
5704,C02,3622.61
5704,C03,4660.93
5704,C04,4177.14
5704,C05,2201.94
5704,C06,5315.73
5705,C01,3331.45
5705,C02,7028.67
5705,C03,7643.86
5705,C04,4349.53
5705,C05,3865.03
5705,C06,8203.96
5706,C01,942.55
5706,C02,449.57
5706,C03,946.56
5706,C04,665.5
5706,C05,933.02
5706,C06,566.39
5707,C01,8113.53
5707,C02,2414.3
5707,C03,2532.93
5707,C04,6652.58
5707,C05,8781.52
5707,C06,4423.19
5708,C01,1377.13
5708,C02,2048.58
5708,C03,2506.72
5708,C04,3077.65
5708,C05,1822.65
5708,C06,731.55
5709,C01,3982.51
5709,C02,4022.59
5709,C03,3496.94
5709,C04,4132.32
5709,C05,2648.64
5709,C06,6699.33
5710,C01,6680.64
5710,C02,6266.34
5710,C03,3105.41
5710,C04,4197.5
5710,C05,3327.02
5710,C06,4400.94
5711,C01,2170.53
5711,C02,2813.25
5711,C03,4365.76
5711,C04,3929.28
5711,C05,1775.24
5711,C06,3298.37
5712,C01,1793.17
5712,C02,1263.43
5712,C03,2086.72
5712,C04,1483.71
5712,C05,1548.53
5712,C06,2477.41
5713,C01,827.97
5713,C02,2714.25
5713,C03,1422.41
5713,C04,1732.44
5713,C05,1526.78
5713,C06,1729.73
5714,C01,5466.81
5714,C02,5254.14
5714,C03,8400.28
5714,C04,8873.75
5714,C05,8822.0
5714,C06,6464.06
5715,C01,662.55
5715,C02,1721.21
5715,C03,2161.15
5715,C04,1988.5
5715,C05,2378.37
5715,C06,957.88
5716,C01,1620.19
5716,C02,1084.46
5716,C03,1644.14
5716,C04,1965.66
5716,C05,606.5
5716,C06,637.11
5717,C01,3315.69
5717,C02,7754.06
5717,C03,5172.07
5717,C04,5890.16
5717,C05,4818.85
5717,C06,4685.08
5718,C01,2017.04
5718,C02,3495.67
5718,C03,3291.61
5718,C04,2498.6
5718,C05,1707.07
5718,C06,1266.18
5719,C01,2699.08
5719,C02,1774.38
5719,C03,1869.04
5719,C04,4455.15
5719,C05,2909.9
5719,C06,2891.7
5720,C01,841.28
5720,C02,1328.51
5720,C03,886.69
5720,C04,1505.62
5720,C05,874.12
5720,C06,528.78
5721,C01,1319.96
5721,C02,3316.23
5721,C03,1979.07
5721,C04,2510.33
5721,C05,1224.94
5721,C06,3234.54
5722,C01,5755.68
5722,C02,7275.35
5722,C03,8209.8
5722,C04,8223.12
5722,C05,6321.51
5722,C06,3653.85
5723,C01,1487.85
5723,C02,785.53
5723,C03,1361.45
5723,C04,1471.57
5723,C05,639.48
5723,C06,913.25
5724,C01,1725.23
5724,C02,1440.68
5724,C03,2977.13
5724,C04,2819.35
5724,C05,1457.72
5724,C06,2325.18
5725,C01,6703.51
5725,C02,4051.13
5725,C03,2921.74
5725,C04,4036.85
5725,C05,2614.57
5725,C06,2289.76
5726,C01,3687.7
5726,C02,4755.07
5726,C03,11949.97
5726,C04,11754.49
5726,C05,5393.81
5726,C06,8387.63
5727,C01,7138.06
5727,C02,8812.14
5727,C03,2348.61
5727,C04,6977.3
5727,C05,7263.24
5727,C06,10220.65
5728,C01,1984.4
5728,C02,6332.91
5728,C03,2021.96
5728,C04,4849.17
5728,C05,5113.33
5728,C06,4566.9
5729,C01,9945.41
5729,C02,8665.87
5729,C03,10202.17
5729,C04,10867.35
5729,C05,3998.64
5729,C06,8823.15
5730,C01,6253.51
5730,C02,8814.68
5730,C03,2805.8
5730,C04,6476.6
5730,C05,5610.65
5730,C06,3673.48
5731,C01,5303.86
5731,C02,4030.92
5731,C03,7622.77
5731,C04,4639.75
5731,C05,6020.48
5731,C06,6154.87
5732,C01,2555.52
5732,C02,2940.69
5732,C03,3178.28
5732,C04,2771.69
5732,C05,2999.87
5732,C06,1779.77
5733,C01,5083.03
5733,C02,3239.3
5733,C03,1223.8
5733,C04,5481.1
5733,C05,2180.78
5733,C06,5350.35
5734,C01,1525.65
5734,C02,560.56
5734,C03,1623.47
5734,C04,1141.16
5734,C05,735.32
5734,C06,788.71
5735,C01,10401.76
5735,C02,10151.85
5735,C03,4304.99
5735,C04,9234.54
5735,C05,2836.24
5735,C06,5332.33
5736,C01,1202.38
5736,C02,2263.49
5736,C03,2885.68
5736,C04,2447.86
5736,C05,2329.35
5736,C06,2153.49
5737,C01,3138.07
5737,C02,3840.71
5737,C03,2036.64
5737,C04,7715.84
5737,C05,6823.44
5737,C06,8309.96
5738,C01,2356.8
5738,C02,6004.17
5738,C03,2036.58
5738,C04,6811.55
5738,C05,5756.67
5738,C06,3076.39
5739,C01,2666.67
5739,C02,6882.22
5739,C03,6576.32
5739,C04,8601.92
5739,C05,4862.58
5739,C06,7577.07
5740,C01,9865.2
5740,C02,2371.15
5740,C03,6081.33
5740,C04,7791.36
5740,C05,9727.24
5740,C06,8289.07
5741,C01,5097.39
5741,C02,5692.21
5741,C03,5935.8
5741,C04,2718.03
5741,C05,4014.74
5741,C06,5328.01
5742,C01,7975.77
5742,C02,9351.24
5742,C03,3786.43
5742,C04,6328.84
5742,C05,5913.47
5742,C06,2467.79
5743,C01,6805.91
5743,C02,7815.09
5743,C03,3886.78
5743,C04,4859.27
5743,C05,3945.5
5743,C06,6301.74
5744,C01,451.16
5744,C02,874.67
5744,C03,802.21
5744,C04,671.76
5744,C05,582.92
5744,C06,612.95
5745,C01,1985.33
5745,C02,1717.38
5745,C03,2107.58
5745,C04,1951.99
5745,C05,1593.2
5745,C06,3471.48
5746,C01,7611.74
5746,C02,9025.24
5746,C03,10562.93
5746,C04,3159.66
5746,C05,3021.63
5746,C06,3832.33
5747,C01,1698.22
5747,C02,1527.97
5747,C03,1443.11
5747,C04,1178.96
5747,C05,2163.58
5747,C06,651.28
5748,C01,3130.18
5748,C02,2391.94
5748,C03,2255.62
5748,C04,1127.77
5748,C05,2492.71
5748,C06,1583.31
5749,C01,668.76
5749,C02,904.65
5749,C03,1357.25
5749,C04,1216.98
5749,C05,746.73
5749,C06,1011.0
5750,C01,4024.62
5750,C02,4922.49
5750,C03,3297.31
5750,C04,5271.88
5750,C05,2332.24
5750,C06,5760.73
5751,C01,1450.5
5751,C02,1528.45
5751,C03,456.7
5751,C04,454.76
5751,C05,931.29
5751,C06,1380.39
5752,C01,6857.8
5752,C02,3341.9
5752,C03,6591.45
5752,C04,5745.07
5752,C05,10220.56
5752,C06,8757.6
5753,C01,1423.24
5753,C02,4310.76
5753,C03,1118.36
5753,C04,4426.88
5753,C05,3548.15
5753,C06,4027.4
5754,C01,866.69
5754,C02,1208.35
5754,C03,1001.39
5754,C04,344.87
5754,C05,533.54
5754,C06,574.78
5755,C01,11012.73
5755,C02,5928.0
5755,C03,6688.01
5755,C04,3052.37
5755,C05,4560.72
5755,C06,9718.44
5756,C01,3217.61
5756,C02,2845.44
5756,C03,3429.41
5756,C04,7085.87
5756,C05,5378.51
5756,C06,7290.86
5757,C01,5949.33
5757,C02,5645.62
5757,C03,4095.04
5757,C04,1583.46
5757,C05,6561.96
5757,C06,3440.28
5758,C01,7408.44
5758,C02,7453.44
5758,C03,4429.09
5758,C04,2994.04
5758,C05,3846.38
5758,C06,5097.94
5759,C01,3350.82
5759,C02,4221.44
5759,C03,4434.64
5759,C04,8199.45
5759,C05,8956.15
5759,C06,6530.5
5760,C01,5575.61
5760,C02,7153.21
5760,C03,2121.36
5760,C04,2546.13
5760,C05,7452.12
5760,C06,9318.68
5761,C01,4535.01
5761,C02,2176.77
5761,C03,3923.19
5761,C04,3388.34
5761,C05,3654.54
5761,C06,4764.04
5762,C01,2953.73
5762,C02,5225.46
5762,C03,5637.83
5762,C04,1269.5
5762,C05,3468.68
5762,C06,5260.68
5763,C01,5765.24
5763,C02,5071.56
5763,C03,4480.61
5763,C04,7341.55
5763,C05,6950.15
5763,C06,4366.44
5764,C01,4794.34
5764,C02,2668.7
5764,C03,5893.6
5764,C04,8057.14
5764,C05,9013.93
5764,C06,7251.71
5765,C01,3041.16
5765,C02,11903.24
5765,C03,6900.36
5765,C04,10629.94
5765,C05,3484.49
5765,C06,7660.03
5766,C01,5174.58
5766,C02,5845.08
5766,C03,3433.4
5766,C04,2975.76
5766,C05,3748.22
5766,C06,5875.55
5767,C01,564.53
5767,C02,1819.42
5767,C03,1753.62
5767,C04,1953.03
5767,C05,2286.27
5767,C06,2021.2
5768,C01,989.84
5768,C02,3936.74
5768,C03,2669.14
5768,C04,2689.11
5768,C05,1505.9
5768,C06,2002.75
5769,C01,3929.28
5769,C02,1410.13
5769,C03,1796.92
5769,C04,3866.19
5769,C05,3241.84
5769,C06,1955.61
5770,C01,4287.28
5770,C02,2961.22
5770,C03,4119.9
5770,C04,4246.29
5770,C05,3731.52
5770,C06,1678.06
5771,C01,1812.97
5771,C02,5444.77
5771,C03,5323.45
5771,C04,1595.25
5771,C05,4283.62
5771,C06,2332.13
5772,C01,2933.93
5772,C02,2237.66
5772,C03,1089.92
5772,C04,2158.95
5772,C05,1394.27
5772,C06,651.25
5773,C01,5579.48
5773,C02,6017.9
5773,C03,3538.72
5773,C04,6316.21
5773,C05,4664.16
5773,C06,4311.34
5774,C01,7008.23
5774,C02,2934.24
5774,C03,8749.99
5774,C04,7304.34
5774,C05,8890.85
5774,C06,2601.17
5775,C01,1713.02
5775,C02,3319.81
5775,C03,2082.94
5775,C04,2970.25
5775,C05,1850.03
5775,C06,2673.34
5776,C01,492.04
5776,C02,531.95
5776,C03,1372.26
5776,C04,604.36
5776,C05,1558.44
5776,C06,781.9
5777,C01,7668.89
5777,C02,7546.63
5777,C03,4967.4
5777,C04,5327.77
5777,C05,5735.8
5777,C06,2394.13
5778,C01,2169.06
5778,C02,3063.92
5778,C03,4103.88
5778,C04,2088.39
5778,C05,2388.13
5778,C06,2149.05
5779,C01,2091.17
5779,C02,3741.3
5779,C03,3116.68
5779,C04,3316.53
5779,C05,1118.13
5779,C06,3267.89
5780,C01,1900.42
5780,C02,1889.72
5780,C03,510.73
5780,C04,1202.83
5780,C05,1134.33
5780,C06,1749.05
5781,C01,3830.12
5781,C02,5202.19
5781,C03,7169.61
5781,C04,8064.3
5781,C05,7914.51
5781,C06,8184.92
5782,C01,9025.7
5782,C02,2141.87
5782,C03,3942.14
5782,C04,8482.21
5782,C05,6452.26
5782,C06,9283.13
5783,C01,1967.0
5783,C02,4529.87
5783,C03,3485.59
5783,C04,6897.94
5783,C05,8521.96
5783,C06,2301.55
5784,C01,2909.24
5784,C02,10237.77
5784,C03,9737.73
5784,C04,7529.96
5784,C05,3384.53
5784,C06,3847.41
5785,C01,2689.62
5785,C02,1158.15
5785,C03,1266.41
5785,C04,4508.16
5785,C05,2559.25
5785,C06,2833.42
5786,C01,1628.96
5786,C02,1765.31
5786,C03,2578.71
5786,C04,1600.87
5786,C05,4067.11
5786,C06,4407.69
5787,C01,4619.49
5787,C02,10432.85
5787,C03,3400.5
5787,C04,10829.2
5787,C05,5177.59
5787,C06,5050.39
5788,C01,2499.08
5788,C02,2190.79
5788,C03,2490.03
5788,C04,3701.03
5788,C05,1315.35
5788,C06,1960.07
5789,C01,1713.48
5789,C02,4911.73
5789,C03,3809.3
5789,C04,3505.96
5789,C05,4112.77
5789,C06,4793.27
5790,C01,2757.54
5790,C02,1115.99
5790,C03,3635.87
5790,C04,4465.8
5790,C05,3155.42
5790,C06,4049.71
5791,C01,944.66
5791,C02,1779.34
5791,C03,1629.84
5791,C04,665.37
5791,C05,537.45
5791,C06,1293.56
5792,C01,728.18
5792,C02,414.73
5792,C03,1092.93
5792,C04,693.76
5792,C05,281.73
5792,C06,1046.62
5793,C01,761.11
5793,C02,1043.88
5793,C03,1449.84
5793,C04,1574.34
5793,C05,933.52
5793,C06,701.65
5794,C01,1520.78
5794,C02,667.55
5794,C03,736.07
5794,C04,1538.7
5794,C05,620.42
5794,C06,1528.06
5795,C01,4226.23
5795,C02,8853.43
5795,C03,5531.48
5795,C04,6704.28
5795,C05,4605.97
5795,C06,8359.15
5796,C01,2000.77
5796,C02,1801.23
5796,C03,808.53
5796,C04,974.99
5796,C05,1909.12
5796,C06,538.17
5797,C01,2348.43
5797,C02,2591.03
5797,C03,2042.89
5797,C04,6866.57
5797,C05,6373.21
5797,C06,7708.69
5798,C01,5468.46
5798,C02,3845.1
5798,C03,3899.45
5798,C04,7999.51
5798,C05,7706.99
5798,C06,2590.37
5799,C01,990.09
5799,C02,1028.57
5799,C03,649.24
5799,C04,374.87
5799,C05,266.41
5799,C06,837.77
5800,C01,1974.61
5800,C02,4002.43
5800,C03,1347.24
5800,C04,1589.57
5800,C05,4764.41
5800,C06,1676.67
5801,C01,5555.33
5801,C02,3931.07
5801,C03,4104.41
5801,C04,3287.72
5801,C05,2601.34
5801,C06,4018.48
5802,C01,7663.43
5802,C02,5099.2
5802,C03,1899.78
5802,C04,3406.66
5802,C05,7882.97
5802,C06,2054.67
5803,C01,1161.75
5803,C02,2674.6
5803,C03,1498.82
5803,C04,2265.88
5803,C05,2389.13
5803,C06,2232.82
5804,C01,1816.29
5804,C02,2438.23
5804,C03,2015.16
5804,C04,2068.66
5804,C05,2544.66
5804,C06,1213.38
5805,C01,417.51
5805,C02,592.09
5805,C03,508.22
5805,C04,996.21
5805,C05,651.34
5805,C06,639.03
5806,C01,4782.94
5806,C02,5245.59
5806,C03,3189.43
5806,C04,2607.93
5806,C05,2660.15
5806,C06,5395.24
5807,C01,1081.98
5807,C02,1068.62
5807,C03,2698.95
5807,C04,939.44
5807,C05,910.63
5807,C06,1461.5
5808,C01,3641.35
5808,C02,6878.65
5808,C03,3996.12
5808,C04,3238.73
5808,C05,7431.08
5808,C06,5949.66
5809,C01,4833.84
5809,C02,4155.33
5809,C03,9224.54
5809,C04,10057.08
5809,C05,8337.25
5809,C06,9855.29
5810,C01,8526.19
5810,C02,4375.96
5810,C03,4108.22
5810,C04,4709.63
5810,C05,8529.72
5810,C06,7258.59
5811,C01,4346.63
5811,C02,3974.67
5811,C03,2565.61
5811,C04,5899.87
5811,C05,3015.78
5811,C06,4448.48
5812,C01,4508.74
5812,C02,1142.2
5812,C03,2676.3
5812,C04,2374.64
5812,C05,3595.07
5812,C06,4378.04
5813,C01,1434.08
5813,C02,4791.81
5813,C03,4123.55
5813,C04,5022.63
5813,C05,5087.9
5813,C06,2079.44
5814,C01,984.73
5814,C02,2500.59
5814,C03,3232.86
5814,C04,1021.48
5814,C05,1175.59
5814,C06,1229.65
5815,C01,4303.61
5815,C02,4516.73
5815,C03,5949.18
5815,C04,2190.58
5815,C05,8130.65
5815,C06,8918.08
5816,C01,1133.75
5816,C02,438.3
5816,C03,512.0
5816,C04,1404.92
5816,C05,1277.19
5816,C06,973.8
5817,C01,3104.39
5817,C02,667.75
5817,C03,1697.98
5817,C04,1061.01
5817,C05,664.72
5817,C06,1259.74
5818,C01,4219.61
5818,C02,4941.08
5818,C03,5308.96
5818,C04,2525.52
5818,C05,8029.75
5818,C06,6134.87
5819,C01,2131.38
5819,C02,4238.31
5819,C03,4023.35
5819,C04,3361.28
5819,C05,3527.86
5819,C06,3931.48
5820,C01,5295.17
5820,C02,2976.33
5820,C03,6692.93
5820,C04,3381.5
5820,C05,3605.69
5820,C06,2614.18
5821,C01,3496.74
5821,C02,3670.8
5821,C03,1055.8
5821,C04,937.88
5821,C05,2054.33
5821,C06,1197.49
5822,C01,3027.3
5822,C02,6639.71
5822,C03,6710.42
5822,C04,6280.67
5822,C05,5545.81
5822,C06,7024.2
5823,C01,1714.31
5823,C02,1833.0
5823,C03,1719.1
5823,C04,749.51
5823,C05,663.67
5823,C06,1099.2
5824,C01,1105.75
5824,C02,2814.37
5824,C03,2679.54
5824,C04,2621.08
5824,C05,1425.43
5824,C06,2061.84
5825,C01,3923.74
5825,C02,6926.43
5825,C03,4900.48
5825,C04,1912.8
5825,C05,4454.91
5825,C06,2176.87
5826,C01,8000.04
5826,C02,7386.54
5826,C03,5920.59
5826,C04,2708.78
5826,C05,7482.59
5826,C06,5053.31
5827,C01,2216.53
5827,C02,4597.41
5827,C03,5365.61
5827,C04,2075.04
5827,C05,2865.51
5827,C06,6853.07
5828,C01,612.93
5828,C02,794.82
5828,C03,526.22
5828,C04,232.03
5828,C05,1138.81
5828,C06,1143.65
5829,C01,8097.21
5829,C02,1875.6
5829,C03,8399.86
5829,C04,8378.39
5829,C05,4723.0
5829,C06,8466.74
5830,C01,5476.16
5830,C02,4807.27
5830,C03,3552.75
5830,C04,1835.41
5830,C05,1971.23
5830,C06,2584.7
5831,C01,7631.52
5831,C02,9135.65
5831,C03,5445.05
5831,C04,3784.97
5831,C05,6104.51
5831,C06,5549.03
5832,C01,475.98
5832,C02,1693.78
5832,C03,1925.75
5832,C04,1562.7
5832,C05,656.89
5832,C06,968.04
5833,C01,1038.35
5833,C02,926.67
5833,C03,837.36
5833,C04,990.22
5833,C05,1626.78
5833,C06,1364.63
5834,C01,2246.09
5834,C02,2468.81
5834,C03,1263.96
5834,C04,3108.88
5834,C05,2758.95
5834,C06,3411.27
5835,C01,2071.52
5835,C02,9401.37
5835,C03,6860.84
5835,C04,7297.07
5835,C05,6274.7
5835,C06,4828.97
5836,C01,1061.16
5836,C02,1925.79
5836,C03,3680.2
5836,C04,3168.21
5836,C05,3524.32
5836,C06,3668.54
5837,C01,7084.02
5837,C02,2361.43
5837,C03,5678.29
5837,C04,4847.19
5837,C05,7176.4
5837,C06,6864.49
5838,C01,1878.97
5838,C02,701.19
5838,C03,1616.28
5838,C04,955.13
5838,C05,713.77
5838,C06,419.16
5839,C01,6419.8
5839,C02,6299.89
5839,C03,1778.74
5839,C04,2892.84
5839,C05,2414.76
5839,C06,4682.08
5840,C01,5625.23
5840,C02,3385.21
5840,C03,2714.9
5840,C04,6534.58
5840,C05,4266.8
5840,C06,5661.64
5841,C01,2573.92
5841,C02,9423.35
5841,C03,6696.95
5841,C04,7685.89
5841,C05,2222.96
5841,C06,3310.18
5842,C01,6863.63
5842,C02,2589.53
5842,C03,2089.35
5842,C04,5562.27
5842,C05,3556.74
5842,C06,6948.92
5843,C01,4167.34
5843,C02,8643.17
5843,C03,3506.38
5843,C04,6026.82
5843,C05,7275.92
5843,C06,11209.05
5844,C01,2691.15
5844,C02,7775.78
5844,C03,3858.26
5844,C04,4306.63
5844,C05,3646.66
5844,C06,2239.47
5845,C01,4085.81
5845,C02,1259.58
5845,C03,4237.39
5845,C04,5369.11
5845,C05,2506.63
5845,C06,5263.35
5846,C01,2840.58
5846,C02,2941.63
5846,C03,1306.97
5846,C04,2018.61
5846,C05,1423.06
5846,C06,2492.31
5847,C01,1991.19
5847,C02,4616.56
5847,C03,1148.14
5847,C04,2575.86
5847,C05,2520.0
5847,C06,1879.44
5848,C01,3128.85
5848,C02,4459.39
5848,C03,6612.88
5848,C04,6980.37
5848,C05,9131.42
5848,C06,8052.14
5849,C01,6025.67
5849,C02,3966.57
5849,C03,3022.78
5849,C04,5269.39
5849,C05,6543.14
5849,C06,3004.23
5850,C01,3365.91
5850,C02,4962.36
5850,C03,4079.13
5850,C04,5854.65
5850,C05,6145.55
5850,C06,6662.29
5851,C01,4060.02
5851,C02,1610.6
5851,C03,1861.7
5851,C04,5953.54
5851,C05,5907.46
5851,C06,5926.05
5852,C01,4826.58
5852,C02,9258.15
5852,C03,3991.25
5852,C04,4825.45
5852,C05,11119.98
5852,C06,8679.36
5853,C01,1348.48
5853,C02,1197.24
5853,C03,989.04
5853,C04,1144.42
5853,C05,1531.71
5853,C06,1557.84
5854,C01,3930.89
5854,C02,5657.4
5854,C03,4577.24
5854,C04,1668.46
5854,C05,5571.18
5854,C06,3853.87
5855,C01,3215.81
5855,C02,5656.48
5855,C03,5032.49
5855,C04,3989.06
5855,C05,4429.95
5855,C06,7909.32
5856,C01,2260.12
5856,C02,1478.26
5856,C03,3288.72
5856,C04,2063.53
5856,C05,2297.6
5856,C06,4418.09
5857,C01,3101.5
5857,C02,1227.14
5857,C03,1736.01
5857,C04,1104.52
5857,C05,3486.65
5857,C06,2107.36
5858,C01,2154.82
5858,C02,967.43
5858,C03,1126.6
5858,C04,1658.79
5858,C05,2764.16
5858,C06,2840.72
5859,C01,6461.94
5859,C02,10013.59
5859,C03,7586.83
5859,C04,6982.48
5859,C05,9677.87
5859,C06,5025.05
5860,C01,2144.49
5860,C02,1891.99
5860,C03,1464.6
5860,C04,2364.23
5860,C05,2962.32
5860,C06,2672.92
5861,C01,3428.83
5861,C02,7776.48
5861,C03,3981.59
5861,C04,2321.36
5861,C05,8152.95
5861,C06,7353.79
5862,C01,1758.97
5862,C02,4607.22
5862,C03,1876.24
5862,C04,2069.7
5862,C05,1263.19
5862,C06,1127.83
5863,C01,2979.03
5863,C02,1195.84
5863,C03,1579.59
5863,C04,2899.87
5863,C05,2844.26
5863,C06,3549.99
5864,C01,9072.39
5864,C02,2027.18
5864,C03,4868.63
5864,C04,5680.28
5864,C05,5929.58
5864,C06,3136.66
5865,C01,9129.35
5865,C02,8292.26
5865,C03,4560.57
5865,C04,4844.9
5865,C05,4141.14
5865,C06,2084.34
5866,C01,2652.25
5866,C02,2941.91
5866,C03,971.34
5866,C04,2116.95
5866,C05,1767.27
5866,C06,2125.27
5867,C01,1740.32
5867,C02,6692.17
5867,C03,4422.19
5867,C04,4934.29
5867,C05,3039.07
5867,C06,7658.74
5868,C01,1232.4
5868,C02,3020.97
5868,C03,3538.66
5868,C04,1998.12
5868,C05,2612.43
5868,C06,2923.16
5869,C01,2911.08
5869,C02,4359.03
5869,C03,3646.69
5869,C04,2891.2
5869,C05,5817.27
5869,C06,1505.08
5870,C01,2781.19
5870,C02,1536.6
5870,C03,1118.55
5870,C04,2752.99
5870,C05,2734.13
5870,C06,3248.55
5871,C01,1875.74
5871,C02,4813.73
5871,C03,4341.27
5871,C04,1929.11
5871,C05,3746.48
5871,C06,5811.23
5872,C01,4473.48
5872,C02,3960.04
5872,C03,11645.93
5872,C04,3285.89
5872,C05,6544.55
5872,C06,7569.98
5873,C01,1322.16
5873,C02,873.29
5873,C03,1039.34
5873,C04,1275.89
5873,C05,1644.44
5873,C06,1820.72
5874,C01,10126.6
5874,C02,5912.25
5874,C03,8020.03
5874,C04,8005.15
5874,C05,2602.32
5874,C06,8570.33
5875,C01,1060.88
5875,C02,1909.91
5875,C03,2371.63
5875,C04,3463.07
5875,C05,3619.52
5875,C06,1465.62
5876,C01,6257.05
5876,C02,5090.62
5876,C03,3275.87
5876,C04,3601.55
5876,C05,5715.13
5876,C06,4384.68
5877,C01,4003.23
5877,C02,5623.92
5877,C03,2451.23
5877,C04,4619.26
5877,C05,4553.37
5877,C06,1404.24
5878,C01,8548.14
5878,C02,6817.2
5878,C03,2386.09
5878,C04,4002.8
5878,C05,6005.39
5878,C06,5617.3
5879,C01,1312.61
5879,C02,1662.72
5879,C03,789.15
5879,C04,1767.84
5879,C05,1276.29
5879,C06,1044.44
5880,C01,4572.54
5880,C02,4231.24
5880,C03,9193.96
5880,C04,7023.89
5880,C05,9453.75
5880,C06,4897.02
5881,C01,1892.79
5881,C02,2401.98
5881,C03,1065.78
5881,C04,829.0
5881,C05,2382.39
5881,C06,1708.65
5882,C01,6300.05
5882,C02,3776.87
5882,C03,5206.6
5882,C04,4213.29
5882,C05,5901.06
5882,C06,5667.41
5883,C01,2612.57
5883,C02,2073.96
5883,C03,748.84
5883,C04,664.06
5883,C05,2287.06
5883,C06,1152.3
5884,C01,2522.85
5884,C02,5783.01
5884,C03,4074.8
5884,C04,3808.71
5884,C05,5958.44
5884,C06,6966.29
5885,C01,966.64
5885,C02,2769.09
5885,C03,1419.62
5885,C04,2110.41
5885,C05,2746.17
5885,C06,2265.16
5886,C01,5275.66
5886,C02,4947.58
5886,C03,7769.86
5886,C04,5647.09
5886,C05,7617.85
5886,C06,7743.84
5887,C01,1845.28
5887,C02,3510.36
5887,C03,8789.48
5887,C04,7190.5
5887,C05,2448.12
5887,C06,5665.61
5888,C01,2035.85
5888,C02,2279.07
5888,C03,7318.29
5888,C04,1862.51
5888,C05,6630.86
5888,C06,2701.72
5889,C01,6182.35
5889,C02,5006.05
5889,C03,1595.16
5889,C04,3809.88
5889,C05,5430.87
5889,C06,4285.9
5890,C01,8142.55
5890,C02,2736.06
5890,C03,4436.12
5890,C04,5112.66
5890,C05,9724.68
5890,C06,4321.08
5891,C01,1408.15
5891,C02,1446.05
5891,C03,483.2
5891,C04,477.97
5891,C05,796.02
5891,C06,1508.43
5892,C01,7304.72
5892,C02,9539.49
5892,C03,5137.58
5892,C04,5859.94
5892,C05,7678.71
5892,C06,5804.98
5893,C01,6036.16
5893,C02,2384.24
5893,C03,1975.71
5893,C04,5191.18
5893,C05,3271.98
5893,C06,7512.54
5894,C01,3766.3
5894,C02,4432.97
5894,C03,4683.18
5894,C04,6104.19
5894,C05,6427.53
5894,C06,4867.74
5895,C01,5605.53
5895,C02,4670.22
5895,C03,6148.0
5895,C04,6119.56
5895,C05,3325.55
5895,C06,3670.8
5896,C01,2758.62
5896,C02,1550.63
5896,C03,2892.24
5896,C04,2754.24
5896,C05,3189.0
5896,C06,2368.48
5897,C01,2879.36
5897,C02,2137.47
5897,C03,2482.23
5897,C04,3143.21
5897,C05,992.36
5897,C06,3209.47
5898,C01,4372.17
5898,C02,4145.7
5898,C03,2740.15
5898,C04,1290.29
5898,C05,4718.45
5898,C06,1667.66
5899,C01,5409.49
5899,C02,4991.08
5899,C03,7804.01
5899,C04,2462.72
5899,C05,9045.84
5899,C06,2268.06
5900,C01,1421.84
5900,C02,1463.83
5900,C03,2014.29
5900,C04,4073.7
5900,C05,3213.56
5900,C06,1386.82
5901,C01,1439.62
5901,C02,1202.71
5901,C03,1034.46
5901,C04,2483.7
5901,C05,1772.88
5901,C06,693.91
5902,C01,7246.49
5902,C02,3334.77
5902,C03,8559.71
5902,C04,8214.55
5902,C05,3922.19
5902,C06,1815.97
5903,C01,5845.13
5903,C02,10869.01
5903,C03,3903.66
5903,C04,10674.23
5903,C05,3946.9
5903,C06,6983.25
5904,C01,2691.65
5904,C02,2487.82
5904,C03,1225.8
5904,C04,1930.4
5904,C05,3226.09
5904,C06,1692.55
5905,C01,2251.06
5905,C02,2510.67
5905,C03,3919.49
5905,C04,1360.99
5905,C05,1401.4
5905,C06,5311.29
5906,C01,7611.66
5906,C02,7747.24
5906,C03,6692.55
5906,C04,3657.64
5906,C05,5494.45
5906,C06,2748.95
5907,C01,5734.32
5907,C02,4617.44
5907,C03,3405.34
5907,C04,1939.01
5907,C05,6237.84
5907,C06,1839.43
5908,C01,695.9
5908,C02,937.39
5908,C03,1354.42
5908,C04,1026.82
5908,C05,1727.78
5908,C06,1959.85
5909,C01,1092.51
5909,C02,1006.82
5909,C03,1256.41
5909,C04,645.29
5909,C05,1003.13
5909,C06,1170.93
5910,C01,2006.77
5910,C02,2984.57
5910,C03,1202.83
5910,C04,636.17
5910,C05,2314.39
5910,C06,1778.38
5911,C01,7560.45
5911,C02,2534.4
5911,C03,3805.48
5911,C04,8371.38
5911,C05,4477.38
5911,C06,7874.54
5912,C01,5335.29
5912,C02,4071.02
5912,C03,3142.44
5912,C04,4416.01
5912,C05,6222.75
5912,C06,4583.21
5913,C01,3009.81
5913,C02,7001.48
5913,C03,5581.96
5913,C04,5340.76
5913,C05,3260.53
5913,C06,3091.77
5914,C01,844.56
5914,C02,913.74
5914,C03,997.66
5914,C04,455.77
5914,C05,1091.47
5914,C06,903.69
5915,C01,7870.84
5915,C02,8641.58
5915,C03,5787.96
5915,C04,1779.74
5915,C05,8189.58
5915,C06,2071.87
5916,C01,409.54
5916,C02,949.47
5916,C03,518.62
5916,C04,442.66
5916,C05,1068.08
5916,C06,683.58
5917,C01,10566.28
5917,C02,5565.84
5917,C03,4782.88
5917,C04,7001.95
5917,C05,5922.15
5917,C06,3779.64
5918,C01,892.63
5918,C02,215.32
5918,C03,649.72
5918,C04,873.85
5918,C05,653.72
5918,C06,631.31
5919,C01,1016.22
5919,C02,1525.97
5919,C03,1534.23
5919,C04,3464.71
5919,C05,2583.4
5919,C06,1608.52
5920,C01,2850.13
5920,C02,8600.71
5920,C03,9124.94
5920,C04,2729.5
5920,C05,8365.59
5920,C06,8286.66
5921,C01,2053.88
5921,C02,799.4
5921,C03,1948.68
5921,C04,571.49
5921,C05,2038.4
5921,C06,922.8
5922,C01,3466.66
5922,C02,5278.97
5922,C03,10418.93
5922,C04,6513.59
5922,C05,3995.94
5922,C06,10853.33
5923,C01,824.9
5923,C02,1793.48
5923,C03,2456.29
5923,C04,3028.5
5923,C05,2376.52
5923,C06,1113.08
5924,C01,4936.69
5924,C02,6061.3
5924,C03,6756.63
5924,C04,7532.71
5924,C05,4134.38
5924,C06,6631.71
5925,C01,2501.44
5925,C02,3001.56
5925,C03,1950.43
5925,C04,2107.38
5925,C05,2818.77
5925,C06,1279.94
5926,C01,2121.07
5926,C02,1533.44
5926,C03,3214.45
5926,C04,1260.94
5926,C05,3543.74
5926,C06,3808.36
5927,C01,2409.44
5927,C02,3811.33
5927,C03,4169.08
5927,C04,5131.83
5927,C05,3267.21
5927,C06,8316.14
5928,C01,8069.86
5928,C02,10430.55
5928,C03,9008.06
5928,C04,4890.48
5928,C05,9674.61
5928,C06,8863.31
5929,C01,1274.62
5929,C02,1089.3
5929,C03,1024.15
5929,C04,1119.18
5929,C05,1251.8
5929,C06,890.07
5930,C01,5014.08
5930,C02,7731.07
5930,C03,8127.08
5930,C04,9231.14
5930,C05,5683.31
5930,C06,6847.26
5931,C01,217.71
5931,C02,929.84
5931,C03,1037.28
5931,C04,646.79
5931,C05,367.62
5931,C06,258.53
5932,C01,5881.52
5932,C02,3101.26
5932,C03,2061.9
5932,C04,4854.87
5932,C05,7793.9
5932,C06,8938.03
5933,C01,2910.52
5933,C02,4354.45
5933,C03,8722.04
5933,C04,3118.48
5933,C05,10170.43
5933,C06,11159.1
5934,C01,1155.46
5934,C02,699.41
5934,C03,751.94
5934,C04,1463.3
5934,C05,1600.6
5934,C06,1580.84
5935,C01,10470.12
5935,C02,2658.84
5935,C03,6382.32
5935,C04,6717.39
5935,C05,5362.34
5935,C06,2503.91
5936,C01,4639.77
5936,C02,5459.62
5936,C03,3587.4
5936,C04,3037.86
5936,C05,3062.03
5936,C06,3908.61
5937,C01,2694.8
5937,C02,2685.95
5937,C03,4855.78
5937,C04,3027.66
5937,C05,2581.26
5937,C06,2909.21
5938,C01,2262.02
5938,C02,3104.54
5938,C03,8227.43
5938,C04,6303.66
5938,C05,4138.07
5938,C06,9368.1
5939,C01,1273.82
5939,C02,1036.92
5939,C03,1692.82
5939,C04,1119.14
5939,C05,1878.69
5939,C06,512.05
5940,C01,1884.99
5940,C02,1376.35
5940,C03,1454.68
5940,C04,2626.0
5940,C05,1515.24
5940,C06,3791.63
5941,C01,879.74
5941,C02,1042.62
5941,C03,327.17
5941,C04,917.23
5941,C05,914.25
5941,C06,1387.57
5942,C01,10713.75
5942,C02,10399.26
5942,C03,5188.48
5942,C04,2609.27
5942,C05,10893.95
5942,C06,4485.6
5943,C01,3266.7
5943,C02,3450.64
5943,C03,1824.54
5943,C04,1898.53
5943,C05,4821.02
5943,C06,3318.32
5944,C01,5167.68
5944,C02,4610.41
5944,C03,1197.41
5944,C04,2977.79
5944,C05,4938.74
5944,C06,1157.89
5945,C01,5579.16
5945,C02,7195.22
5945,C03,4184.9
5945,C04,2522.91
5945,C05,4025.87
5945,C06,6945.01
5946,C01,1362.1
5946,C02,1679.59
5946,C03,1953.25
5946,C04,1307.0
5946,C05,656.66
5946,C06,1019.77
5947,C01,5800.4
5947,C02,3167.3
5947,C03,6096.98
5947,C04,6031.61
5947,C05,2308.72
5947,C06,6144.14
5948,C01,3948.9
5948,C02,4517.56
5948,C03,7402.23
5948,C04,2608.92
5948,C05,5136.07
5948,C06,3557.41
5949,C01,2797.79
5949,C02,4576.05
5949,C03,4797.19
5949,C04,1749.72
5949,C05,3150.24
5949,C06,4554.16
5950,C01,1801.68
5950,C02,2124.05
5950,C03,2788.14
5950,C04,1130.3
5950,C05,2240.05
5950,C06,3326.9
5951,C01,4589.28
5951,C02,3005.38
5951,C03,7301.18
5951,C04,2780.73
5951,C05,5076.15
5951,C06,6835.48
5952,C01,734.85
5952,C02,1658.16
5952,C03,484.63
5952,C04,615.12
5952,C05,785.14
5952,C06,1548.18
5953,C01,5197.83
5953,C02,1665.46
5953,C03,4871.64
5953,C04,4374.77
5953,C05,5134.35
5953,C06,2221.81
5954,C01,480.8
5954,C02,407.74
5954,C03,677.1
5954,C04,1017.6
5954,C05,1151.55
5954,C06,1495.15
5955,C01,3210.33
5955,C02,5807.48
5955,C03,5928.08
5955,C04,4932.6
5955,C05,1647.97
5955,C06,4347.67
5956,C01,502.86
5956,C02,1406.65
5956,C03,503.43
5956,C04,1612.58
5956,C05,1092.94
5956,C06,1248.66
5957,C01,6414.48
5957,C02,1647.6
5957,C03,6055.97
5957,C04,7064.6
5957,C05,1935.75
5957,C06,7556.79
5958,C01,1382.62
5958,C02,1506.93
5958,C03,2495.23
5958,C04,2337.21
5958,C05,2120.07
5958,C06,2378.86
5959,C01,1470.98
5959,C02,721.16
5959,C03,1888.69
5959,C04,1356.62
5959,C05,789.1
5959,C06,1250.33
5960,C01,2265.32
5960,C02,2367.99
5960,C03,2277.48
5960,C04,726.08
5960,C05,2135.44
5960,C06,1855.57
5961,C01,4939.58
5961,C02,3801.03
5961,C03,11429.01
5961,C04,7407.56
5961,C05,9829.34
5961,C06,3833.53
5962,C01,773.94
5962,C02,467.27
5962,C03,857.58
5962,C04,326.8
5962,C05,384.57
5962,C06,863.91
5963,C01,5568.58
5963,C02,6672.44
5963,C03,10368.6
5963,C04,9066.8
5963,C05,9493.28
5963,C06,3734.06
5964,C01,6278.3
5964,C02,4278.89
5964,C03,8691.05
5964,C04,10251.71
5964,C05,10642.24
5964,C06,10537.64
5965,C01,3699.21
5965,C02,2260.0
5965,C03,3160.83
5965,C04,3464.5
5965,C05,3596.63
5965,C06,1564.65
5966,C01,1480.45
5966,C02,500.45
5966,C03,1491.5
5966,C04,1243.05
5966,C05,1274.71
5966,C06,1571.89
5967,C01,5375.62
5967,C02,5303.22
5967,C03,7808.74
5967,C04,2322.06
5967,C05,7597.6
5967,C06,4832.02
5968,C01,1535.85
5968,C02,2307.2
5968,C03,6379.51
5968,C04,5142.37
5968,C05,3889.18
5968,C06,1497.75
5969,C01,6912.42
5969,C02,2169.68
5969,C03,3765.72
5969,C04,1931.92
5969,C05,6881.04
5969,C06,5816.58
5970,C01,6132.72
5970,C02,5224.93
5970,C03,4145.41
5970,C04,1879.04
5970,C05,2102.89
5970,C06,3331.86
5971,C01,2735.73
5971,C02,2741.0
5971,C03,1694.48
5971,C04,3561.31
5971,C05,3374.99
5971,C06,4490.41
5972,C01,3668.5
5972,C02,4025.79
5972,C03,2605.45
5972,C04,1518.93
5972,C05,2397.91
5972,C06,2510.71
5973,C01,1048.57
5973,C02,1280.58
5973,C03,1465.69
5973,C04,945.61
5973,C05,860.92
5973,C06,2051.81
5974,C01,2318.69
5974,C02,1132.66
5974,C03,1114.23
5974,C04,1559.93
5974,C05,1983.16
5974,C06,1851.04
5975,C01,8389.26
5975,C02,2824.88
5975,C03,6930.06
5975,C04,2518.93
5975,C05,4880.71
5975,C06,5918.46
5976,C01,1218.56
5976,C02,2399.57
5976,C03,4287.51
5976,C04,4616.92
5976,C05,2146.99
5976,C06,4031.72
5977,C01,5450.61
5977,C02,2083.43
5977,C03,7929.64
5977,C04,2490.46
5977,C05,7601.7
5977,C06,1972.18
5978,C01,2007.09
5978,C02,1214.5
5978,C03,1646.11
5978,C04,534.71
5978,C05,656.42
5978,C06,1897.87
5979,C01,5819.8
5979,C02,3990.04
5979,C03,2936.96
5979,C04,1457.3
5979,C05,4910.81
5979,C06,2020.88
5980,C01,2521.19
5980,C02,3453.62
5980,C03,10366.04
5980,C04,7597.94
5980,C05,10527.59
5980,C06,3615.28
5981,C01,6367.05
5981,C02,7819.34
5981,C03,3638.6
5981,C04,5457.55
5981,C05,3035.77
5981,C06,2545.86
5982,C01,871.22
5982,C02,1635.32
5982,C03,2538.78
5982,C04,1948.2
5982,C05,779.49
5982,C06,3096.88
5983,C01,1324.59
5983,C02,586.73
5983,C03,1724.52
5983,C04,1573.21
5983,C05,1107.91
5983,C06,757.37
5984,C01,5613.5
5984,C02,4959.75
5984,C03,5558.15
5984,C04,5911.77
5984,C05,6902.96
5984,C06,5315.9
5985,C01,4580.6
5985,C02,9242.0
5985,C03,4632.92
5985,C04,6426.43
5985,C05,6519.0
5985,C06,5589.41
5986,C01,2885.69
5986,C02,5115.27
5986,C03,6152.69
5986,C04,5299.71
5986,C05,5709.57
5986,C06,3037.22
5987,C01,8589.55
5987,C02,7702.97
5987,C03,5101.01
5987,C04,6276.1
5987,C05,4901.82
5987,C06,7226.45
5988,C01,7525.04
5988,C02,1572.31
5988,C03,2528.19
5988,C04,4150.46
5988,C05,5762.18
5988,C06,4953.99
5989,C01,1099.69
5989,C02,1070.43
5989,C03,1321.44
5989,C04,635.46
5989,C05,650.61
5989,C06,423.27
5990,C01,989.03
5990,C02,1589.45
5990,C03,1005.22
5990,C04,805.01
5990,C05,438.61
5990,C06,1061.13
5991,C01,1268.23
5991,C02,2313.82
5991,C03,3293.88
5991,C04,2585.01
5991,C05,3153.76
5991,C06,2239.92
5992,C01,394.92
5992,C02,1156.39
5992,C03,1331.24
5992,C04,950.19
5992,C05,769.67
5992,C06,469.44
5993,C01,2362.38
5993,C02,3677.6
5993,C03,1745.61
5993,C04,1459.96
5993,C05,1197.62
5993,C06,1651.97
5994,C01,1583.06
5994,C02,1759.64
5994,C03,957.96
5994,C04,584.71
5994,C05,880.24
5994,C06,1971.04
5995,C01,10457.33
5995,C02,4043.82
5995,C03,7542.87
5995,C04,2738.72
5995,C05,10174.78
5995,C06,9522.95
5996,C01,2807.34
5996,C02,987.61
5996,C03,1579.43
5996,C04,1614.68
5996,C05,1549.55
5996,C06,3142.55
5997,C01,1209.84
5997,C02,1950.82
5997,C03,2020.93
5997,C04,737.93
5997,C05,2119.67
5997,C06,997.42
5998,C01,2572.61
5998,C02,1888.45
5998,C03,2904.91
5998,C04,1986.87
5998,C05,3010.21
5998,C06,1579.5
5999,C01,4809.79
5999,C02,8051.45
5999,C03,5936.25
5999,C04,2140.56
5999,C05,5774.15
5999,C06,5402.37
6000,C01,1024.03
6000,C02,990.55
6000,C03,1251.03
6000,C04,425.25
6000,C05,1163.92
6000,C06,861.3
